-- MySQL dump 10.13  Distrib 5.6.17, for Win64 (x86_64)
--
-- Host: 127.0.0.1    Database: bow
-- ------------------------------------------------------
-- Server version	5.6.20

/*!40101 SET @OLD_CHARACTER_SET_CLIENT=@@CHARACTER_SET_CLIENT */;
/*!40101 SET @OLD_CHARACTER_SET_RESULTS=@@CHARACTER_SET_RESULTS */;
/*!40101 SET @OLD_COLLATION_CONNECTION=@@COLLATION_CONNECTION */;
/*!40101 SET NAMES utf8 */;
/*!40103 SET @OLD_TIME_ZONE=@@TIME_ZONE */;
/*!40103 SET TIME_ZONE='+00:00' */;
/*!40014 SET @OLD_UNIQUE_CHECKS=@@UNIQUE_CHECKS, UNIQUE_CHECKS=0 */;
/*!40014 SET @OLD_FOREIGN_KEY_CHECKS=@@FOREIGN_KEY_CHECKS, FOREIGN_KEY_CHECKS=0 */;
/*!40101 SET @OLD_SQL_MODE=@@SQL_MODE, SQL_MODE='NO_AUTO_VALUE_ON_ZERO' */;
/*!40111 SET @OLD_SQL_NOTES=@@SQL_NOTES, SQL_NOTES=0 */;

--
-- Table structure for table `field`
--

DROP TABLE IF EXISTS `field`;
/*!40101 SET @saved_cs_client     = @@character_set_client */;
/*!40101 SET character_set_client = utf8 */;
CREATE TABLE `field` (
  `field_id` int(11) NOT NULL AUTO_INCREMENT,
  `field_template_id` int(11) NOT NULL,
  `value` varchar(45) DEFAULT NULL,
  `desc` varchar(45) DEFAULT NULL,
  `name` varchar(45) DEFAULT NULL,
  PRIMARY KEY (`field_id`)
) ENGINE=InnoDB AUTO_INCREMENT=1458 DEFAULT CHARSET=utf8;
/*!40101 SET character_set_client = @saved_cs_client */;

--
-- Dumping data for table `field`
--

LOCK TABLES `field` WRITE;
/*!40000 ALTER TABLE `field` DISABLE KEYS */;
INSERT INTO `field` VALUES (1,134,'21312',NULL,''),(2,29,'true',NULL,'Enhance Website Picture Quality'),(3,125,'123',NULL,'Facebook Ads'),(4,24,'true',NULL,'Include Product Price'),(5,104,'increase-website-traffic',NULL,'Increase Website Traffic'),(6,104,'increase-brand-awareness',NULL,'Increase Website Traffic'),(7,104,'increase-online-enquiry-submission',NULL,'Increase Website Traffic'),(8,104,'increase-store-visits',NULL,'Increase Website Traffic'),(9,104,'increase-phone-calls',NULL,'Increase Website Traffic'),(10,104,'increase-online-purchase',NULL,'Increase Website Traffic'),(11,104,'retargeting-visitors',NULL,'Increase Website Traffic'),(12,143,'85300',NULL,''),(13,128,'109128',NULL,'Sub total'),(14,61,'',NULL,''),(15,26,'true',NULL,'Include Company Details'),(16,148,'4564',NULL,''),(17,131,'12321',NULL,''),(18,21,'true',NULL,'Improve Website Content'),(19,18,'RM 2312',NULL,'Previous Contract Value'),(20,153,'4545',NULL,''),(21,32,'true',NULL,'Timely Response To Enquiry'),(22,1,'Tri Le',NULL,'Consultant Name'),(23,27,'true',NULL,'Highlight Unique Selling Point'),(24,2,'ldtri0209@gmail.com',NULL,'Email Address'),(25,28,'true',NULL,'Include Certification For Better Credential'),(26,147,'456',NULL,''),(27,100,'35',NULL,''),(28,123,'3123',NULL,''),(29,112,'panpages',NULL,''),(30,112,'google-adWords-search-mobile',NULL,''),(31,112,'google-display-network',NULL,''),(32,112,'yahoo-search',NULL,''),(33,112,'yahoo-display',NULL,''),(34,112,'facebook-ads',NULL,''),(35,112,'pan-360',NULL,''),(36,144,'5118',NULL,''),(37,129,'6547.68',NULL,'6% Gov Tax'),(38,3,'0978756054',NULL,'Mobile Number'),(39,136,'22323',NULL,''),(40,22,'true',NULL,'Add On Relevant Product Pictures'),(41,146,'6456',NULL,''),(42,30,'true',NULL,'Improve Website Maintenance'),(43,141,'456',NULL,''),(44,45,'English',NULL,'Kuala Lumpur'),(45,45,'Malay',NULL,'Kuala Lumpur'),(46,45,'Chinese',NULL,'Kuala Lumpur'),(47,45,'vietnamese',NULL,'Kuala Lumpur'),(48,44,'Malaysia',NULL,'Geographic MalaysiaGeographic Malaysia'),(49,44,'Kuala Lumpur',NULL,'Geographic MalaysiaGeographic Malaysia'),(50,44,'Selangor',NULL,'Geographic MalaysiaGeographic Malaysia'),(51,44,'Kedah',NULL,'Geographic MalaysiaGeographic Malaysia'),(52,44,'Thailand',NULL,'Geographic MalaysiaGeographic Malaysia'),(53,44,'Singapore',NULL,'Geographic MalaysiaGeographic Malaysia'),(54,151,'456',NULL,''),(55,130,'115675.68',NULL,'Grand Total'),(56,145,'90418',NULL,''),(57,48,'Male',NULL,'Penang'),(58,138,'12312',NULL,''),(59,132,'21312',NULL,''),(60,124,'12312',NULL,''),(61,126,'2323',NULL,'Alibaba.com'),(62,142,'019929.00',NULL,''),(63,4,'Panpages Vietnam',NULL,'Company Name'),(64,149,'645',NULL,''),(65,25,'true',NULL,'Include Product Specification'),(66,42,'23 %',NULL,''),(67,41,'RM 123123',NULL,''),(68,40,'RM 12132',NULL,''),(69,31,'true',NULL,'Frequently Update Your Website'),(70,96,'vietnamese',NULL,''),(71,43,'11 Months',NULL,''),(72,7,'Panpages Vietnam',NULL,'Company PIC'),(73,150,'456',NULL,''),(74,6,'36 Bui Thi Xuan',NULL,'Company Address'),(75,91,'',NULL,''),(76,19,'123213',NULL,'Website Visit'),(77,23,'true',NULL,'Add On Product Description'),(78,47,'35',NULL,'Kedah '),(79,135,'12323',NULL,''),(80,5,'36',NULL,'Listing ID'),(81,139,'54354',NULL,''),(82,140,'556',NULL,''),(83,133,'213',NULL,''),(84,137,'1231',NULL,''),(85,39,'12311111111111qweqwewqe',NULL,'Any additional comment(s)'),(86,20,'23 %',NULL,'Campaign Click Through Rate'),(87,46,'Accounting',NULL,'Selangor'),(88,46,'Agriculture',NULL,'Selangor'),(89,46,'Advertising',NULL,'Selangor'),(90,46,'Apparel & Accessories',NULL,'Selangor'),(91,46,'Automotive',NULL,'Selangor'),(92,46,'Banking',NULL,'Selangor'),(93,46,'Broadcasting',NULL,'Selangor'),(94,46,'Brokerage',NULL,'Selangor'),(95,46,'Biotecnology',NULL,'Selangor'),(96,46,'Cargo Handling',NULL,'Selangor'),(97,46,'Chemical',NULL,'Selangor'),(98,46,'Computer',NULL,'Selangor'),(99,8,'panpages',NULL,'Advertising Solution Subscribed'),(100,8,'google-adWords-search-mobile',NULL,'Advertising Solution Subscribed'),(101,8,'google-display-network',NULL,'Advertising Solution Subscribed'),(102,8,'yahoo-display',NULL,'Advertising Solution Subscribed'),(103,134,'123',NULL,''),(104,125,'0',NULL,'Facebook Ads'),(105,104,'increase-website-traffic',NULL,'Increase Website Traffic'),(106,104,'increase-brand-awareness',NULL,'Increase Website Traffic'),(107,104,'increase-online-enquiry-submission',NULL,'Increase Website Traffic'),(108,104,'increase-store-visits',NULL,'Increase Website Traffic'),(109,104,'retargeting-visitors',NULL,'Increase Website Traffic'),(110,104,'increase-online-purchase',NULL,'Increase Website Traffic'),(111,122,'q,123,111',NULL,'Proposed Keyword'),(112,122,'1qwe,3,11',NULL,'Proposed Keyword'),(113,122,'qwe,12,2',NULL,'Proposed Keyword'),(114,122,'qe,3,22123',NULL,'Proposed Keyword'),(115,122,'qweq,3,2',NULL,'Proposed Keyword'),(116,122,'qw,12,1',NULL,'Proposed Keyword'),(117,122,'qw,123,2',NULL,'Proposed Keyword'),(118,122,'eq,123,213',NULL,'Proposed Keyword'),(119,122,'qw,3,3',NULL,'Proposed Keyword'),(120,122,'e,221,31',NULL,'Proposed Keyword'),(121,122,'qq,13,12',NULL,'Proposed Keyword'),(122,122,'wq,123,21',NULL,'Proposed Keyword'),(123,143,'',NULL,''),(124,128,'492',NULL,'Sub total'),(125,61,'',NULL,''),(126,148,'',NULL,''),(127,131,'123',NULL,''),(128,21,'true',NULL,'Improve Website Content'),(129,18,'RM 2312',NULL,'Previous Contract Value'),(130,153,'',NULL,''),(131,1,'Tri Le',NULL,'Consultant Name'),(132,2,'ldtri0209@gmail.com',NULL,'Email Address'),(133,147,'',NULL,''),(134,100,'',NULL,''),(135,123,'123',NULL,''),(136,112,'panpages',NULL,''),(137,112,'google-adWords-search-mobile',NULL,''),(138,112,'google-display-network',NULL,''),(139,112,'yahoo-search',NULL,''),(140,112,'youtube-ads',NULL,''),(141,112,'facebook-ads',NULL,''),(142,112,'pan-360',NULL,''),(143,144,'',NULL,''),(144,129,'29.52',NULL,'6% Gov Tax'),(145,3,'0978756054',NULL,'Mobile Number'),(146,136,'0',NULL,''),(147,22,'true',NULL,'Add On Relevant Product Pictures'),(148,146,'',NULL,''),(149,141,'',NULL,''),(150,45,'English',NULL,'Kuala Lumpur'),(151,45,'Malay',NULL,'Kuala Lumpur'),(152,44,'Thailand',NULL,'Geographic MalaysiaGeographic Malaysia'),(153,44,'Singapore',NULL,'Geographic MalaysiaGeographic Malaysia'),(154,151,'',NULL,''),(155,130,'521.52',NULL,'Grand Total'),(156,145,'',NULL,''),(157,48,'Male',NULL,'Penang'),(158,138,'',NULL,''),(159,132,'0',NULL,''),(160,124,'123',NULL,''),(161,126,'0',NULL,'Alibaba.com'),(162,142,'',NULL,''),(163,4,'Panpages Vietnam',NULL,'Company Name'),(164,149,'',NULL,''),(165,42,'32 %',NULL,''),(166,41,'RM 1232',NULL,''),(167,40,'RM 3213',NULL,''),(168,96,'',NULL,''),(169,43,'11 Months',NULL,''),(170,7,'Panpages Vietnam',NULL,'Company PIC'),(171,150,'',NULL,''),(172,6,'36 Bui Thi Xuan',NULL,'Company Address'),(173,91,'',NULL,''),(174,19,'123213',NULL,'Website Visit'),(175,23,'true',NULL,'Add On Product Description'),(176,47,'18-29',NULL,'Kedah '),(177,135,'0',NULL,''),(178,5,'36',NULL,'Listing ID'),(179,139,'',NULL,''),(180,140,'',NULL,''),(181,133,'0',NULL,''),(182,137,'0',NULL,''),(183,39,'qqqqqqqqqqq',NULL,'Any additional comment(s)'),(184,20,'23 %',NULL,'Campaign Click Through Rate'),(185,155,'',NULL,''),(186,46,'Accounting',NULL,'Selangor'),(187,46,'Agriculture',NULL,'Selangor'),(188,46,'Advertising',NULL,'Selangor'),(189,8,'panpages',NULL,'Advertising Solution Subscribed'),(190,8,'google-adWords-search-mobile',NULL,'Advertising Solution Subscribed'),(191,8,'google-display-network',NULL,'Advertising Solution Subscribed'),(192,8,'yahoo-search',NULL,'Advertising Solution Subscribed'),(193,8,'yahoo-display',NULL,'Advertising Solution Subscribed'),(194,8,'facebook-ads',NULL,'Advertising Solution Subscribed'),(195,8,'pan-360',NULL,'Advertising Solution Subscribed'),(196,8,'alibaba-com',NULL,'Advertising Solution Subscribed'),(280,134,'0',NULL,''),(281,29,'true',NULL,'Enhance Website Picture Quality'),(282,125,'0',NULL,'Facebook Ads'),(283,24,'true',NULL,'Include Product Price'),(284,104,'increase-website-traffic',NULL,'Increase Website Traffic'),(285,104,'increase-brand-awareness',NULL,'Increase Website Traffic'),(286,104,'increase-online-enquiry-submission',NULL,'Increase Website Traffic'),(287,104,'increase-geographical-coverage',NULL,'Increase Website Traffic'),(288,104,'retargeting-visitors',NULL,'Increase Website Traffic'),(289,104,'increase-online-purchase',NULL,'Increase Website Traffic'),(290,143,'',NULL,''),(291,128,'13212',NULL,'Sub total'),(292,61,'',NULL,''),(293,26,'true',NULL,'Include Company Details'),(294,148,'',NULL,''),(295,131,'0',NULL,''),(296,21,'true',NULL,'Improve Website Content'),(297,18,'RM 2312',NULL,'Previous Contract Value'),(298,153,'',NULL,''),(299,32,'true',NULL,'Timely Response To Enquiry'),(300,1,'Tri Le',NULL,'Consultant Name'),(301,27,'true',NULL,'Highlight Unique Selling Point'),(302,2,'ldtri0209@gmail.com',NULL,'Email Address'),(303,28,'true',NULL,'Include Certification For Better Credential'),(304,147,'',NULL,''),(305,100,'',NULL,''),(306,123,'13212',NULL,''),(307,112,'youtube-ads',NULL,''),(308,112,'facebook-ads',NULL,''),(309,112,'pan-360',NULL,''),(310,112,'alibaba-com',NULL,''),(311,112,'super-pages',NULL,''),(312,33,'true',NULL,'Monitor Effectiveness'),(313,144,'',NULL,''),(314,129,'792.72',NULL,'6% Gov Tax'),(315,3,'0978756054',NULL,'Mobile Number'),(316,136,'0',NULL,''),(317,35,'true',NULL,'Improve Brand Awareness'),(318,22,'true',NULL,'Add On Relevant Product Pictures'),(319,36,'true',NULL,'Explore Display Network'),(320,146,'',NULL,''),(321,30,'true',NULL,'Improve Website Maintenance'),(322,141,'',NULL,''),(323,45,'English',NULL,'Kuala Lumpur'),(324,45,'Malay',NULL,'Kuala Lumpur'),(325,44,'Thailand',NULL,'Geographic MalaysiaGeographic Malaysia'),(326,44,'Singapore',NULL,'Geographic MalaysiaGeographic Malaysia'),(327,44,'Indonesia',NULL,'Geographic MalaysiaGeographic Malaysia'),(328,151,'',NULL,''),(329,130,'14004.72',NULL,'Grand Total'),(330,145,'',NULL,''),(331,48,'Male',NULL,'Penang'),(332,138,'',NULL,''),(333,132,'0',NULL,''),(334,124,'0',NULL,''),(335,126,'0',NULL,'Alibaba.com'),(336,142,'',NULL,''),(337,4,'Panpages Vietnam',NULL,'Company Name'),(338,149,'',NULL,''),(339,25,'true',NULL,'Include Product Specification'),(340,42,'23 %',NULL,''),(341,41,'RM 113',NULL,''),(342,34,'true',NULL,'Tracking On Calls & Wall In'),(343,40,'RM 2131',NULL,''),(344,31,'true',NULL,'Frequently Update Your Website'),(345,96,'',NULL,''),(346,43,'11 Months',NULL,''),(347,7,'Panpages Vietnam',NULL,'Company PIC'),(348,150,'',NULL,''),(349,6,'36 Bui Thi Xuan',NULL,'Company Address'),(350,91,'',NULL,''),(351,19,'123213',NULL,'Website Visit'),(352,23,'true',NULL,'Add On Product Description'),(353,47,'18-29',NULL,'Kedah '),(354,135,'0',NULL,''),(355,5,'36',NULL,'Listing ID'),(356,139,'',NULL,''),(357,37,'true',NULL,'Enhance Visibility'),(358,140,'',NULL,''),(359,133,'0',NULL,''),(360,137,'0',NULL,''),(361,39,'2333333331qweqe',NULL,'Any additional comment(s)'),(362,20,'23 %',NULL,'Campaign Click Through Rate'),(363,155,'',NULL,''),(364,46,'Apparel & Accessories',NULL,'Selangor'),(365,46,'Automotive',NULL,'Selangor'),(366,46,'Banking',NULL,'Selangor'),(367,8,'panpages',NULL,'Advertising Solution Subscribed'),(368,8,'google-adWords-search-mobile',NULL,'Advertising Solution Subscribed'),(369,8,'google-display-network',NULL,'Advertising Solution Subscribed'),(370,8,'yahoo-search',NULL,'Advertising Solution Subscribed'),(371,8,'facebook-ads',NULL,'Advertising Solution Subscribed'),(372,8,'pan-360',NULL,'Advertising Solution Subscribed'),(373,134,'0',NULL,''),(374,125,'0',NULL,'Facebook Ads'),(375,24,'true',NULL,'Include Product Price'),(376,104,'increase-website-traffic',NULL,'Increase Website Traffic'),(377,104,'increase-brand-awareness',NULL,'Increase Website Traffic'),(378,104,'increase-online-enquiry-submission',NULL,'Increase Website Traffic'),(379,104,'increase-online-purchase',NULL,'Increase Website Traffic'),(380,104,'retargeting-visitors',NULL,'Increase Website Traffic'),(381,143,'',NULL,''),(382,128,'2313213',NULL,'Sub total'),(383,61,'',NULL,''),(384,26,'true',NULL,'Include Company Details'),(385,148,'',NULL,''),(386,131,'0',NULL,''),(387,21,'true',NULL,'Improve Website Content'),(388,18,'RM 2312',NULL,'Previous Contract Value'),(389,153,'',NULL,''),(390,32,'true',NULL,'Timely Response To Enquiry'),(391,1,'Tri Le',NULL,'Consultant Name'),(392,27,'true',NULL,'Highlight Unique Selling Point'),(393,2,'ldtri0209@gmail.com',NULL,'Email Address'),(394,147,'',NULL,''),(395,100,'',NULL,''),(396,123,'2313213',NULL,''),(397,112,'youtube-ads',NULL,''),(398,112,'facebook-ads',NULL,''),(399,112,'pan-360',NULL,''),(400,112,'alibaba-com',NULL,''),(401,112,'yahoo-search',NULL,''),(402,112,'google-display-network',NULL,''),(403,144,'',NULL,''),(404,129,'138792.78',NULL,'6% Gov Tax'),(405,3,'0978756054',NULL,'Mobile Number'),(406,136,'0',NULL,''),(407,22,'true',NULL,'Add On Relevant Product Pictures'),(408,146,'',NULL,''),(409,30,'true',NULL,'Improve Website Maintenance'),(410,141,'',NULL,''),(411,45,'Malay',NULL,'Kuala Lumpur'),(412,45,'Chinese',NULL,'Kuala Lumpur'),(413,44,'Thailand',NULL,'Geographic MalaysiaGeographic Malaysia'),(414,44,'Singapore',NULL,'Geographic MalaysiaGeographic Malaysia'),(415,44,'Malaysia',NULL,'Geographic MalaysiaGeographic Malaysia'),(416,44,'Kuala Lumpur',NULL,'Geographic MalaysiaGeographic Malaysia'),(417,44,'Penang',NULL,'Geographic MalaysiaGeographic Malaysia'),(418,151,'',NULL,''),(419,130,'2452005.78',NULL,'Grand Total'),(420,145,'',NULL,''),(421,48,'Male',NULL,'Penang'),(422,138,'',NULL,''),(423,132,'0',NULL,''),(424,124,'0',NULL,''),(425,126,'0',NULL,'Alibaba.com'),(426,142,'',NULL,''),(427,4,'Panpages Vietnam',NULL,'Company Name'),(428,149,'',NULL,''),(429,25,'true',NULL,'Include Product Specification'),(430,42,'43 %',NULL,''),(431,41,'RM 12312',NULL,''),(432,40,'RM 321312',NULL,''),(433,31,'true',NULL,'Frequently Update Your Website'),(434,96,'',NULL,''),(435,43,'4 Months',NULL,''),(436,7,'Panpages Vietnam',NULL,'Company PIC'),(437,150,'',NULL,''),(438,6,'36 Bui Thi Xuan',NULL,'Company Address'),(439,91,'',NULL,''),(440,19,'123213',NULL,'Website Visit'),(441,23,'true',NULL,'Add On Product Description'),(442,47,'18-29',NULL,'Kedah '),(443,47,'30-49',NULL,'Kedah '),(444,135,'0',NULL,''),(445,5,'36',NULL,'Listing ID'),(446,139,'',NULL,''),(447,140,'',NULL,''),(448,133,'0',NULL,''),(449,137,'0',NULL,''),(450,39,'qweqeqwewqe',NULL,'Any additional comment(s)'),(451,20,'23 %',NULL,'Campaign Click Through Rate'),(452,155,'',NULL,''),(453,46,'Accounting',NULL,'Selangor'),(454,46,'Agriculture',NULL,'Selangor'),(455,46,'Advertising',NULL,'Selangor'),(456,46,'Apparel & Accessories',NULL,'Selangor'),(457,8,'panpages',NULL,'Advertising Solution Subscribed'),(458,8,'google-adWords-search-mobile',NULL,'Advertising Solution Subscribed'),(459,8,'google-display-network',NULL,'Advertising Solution Subscribed'),(460,8,'yahoo-display',NULL,'Advertising Solution Subscribed'),(461,8,'yahoo-search',NULL,'Advertising Solution Subscribed'),(462,8,'pan-360',NULL,'Advertising Solution Subscribed'),(463,8,'alibaba-com',NULL,'Advertising Solution Subscribed'),(464,134,'',NULL,''),(465,125,'',NULL,'Facebook Ads'),(466,104,'increase-website-traffic',NULL,'Increase Website Traffic'),(467,104,'increase-brand-awareness',NULL,'Increase Website Traffic'),(468,104,'increase-online-enquiry-submission',NULL,'Increase Website Traffic'),(469,104,'increase-store-visits',NULL,'Increase Website Traffic'),(470,104,'increase-geographical-coverage',NULL,'Increase Website Traffic'),(471,104,'retargeting-visitors',NULL,'Increase Website Traffic'),(472,104,'increase-online-purchase',NULL,'Increase Website Traffic'),(473,104,'increase-phone-calls',NULL,'Increase Website Traffic'),(474,143,'136246',NULL,''),(475,128,'',NULL,'Sub total'),(476,61,'',NULL,''),(477,148,'0',NULL,''),(478,131,'',NULL,''),(479,21,'true',NULL,'Improve Website Content'),(480,18,'RM 213',NULL,'Previous Contract Value'),(481,153,'0',NULL,''),(482,1,'Tri Le',NULL,'Consultant Name'),(483,2,'ldtri0209@gmail.com',NULL,'Email Address'),(484,147,'0',NULL,''),(485,100,'',NULL,''),(486,123,'',NULL,''),(487,112,'panpages',NULL,''),(488,112,'google-adWords-search-mobile',NULL,''),(489,112,'google-display-network',NULL,''),(490,112,'yahoo-search',NULL,''),(491,112,'yahoo-display',NULL,''),(492,112,'super-pages',NULL,''),(493,112,'alibaba-com',NULL,''),(494,112,'pan-360',NULL,''),(495,112,'facebook-ads',NULL,''),(496,112,'youtube-ads',NULL,''),(497,144,'8174.76',NULL,''),(498,129,'',NULL,'6% Gov Tax'),(499,3,'0978756054',NULL,'Mobile Number'),(500,136,'',NULL,''),(501,22,'true',NULL,'Add On Relevant Product Pictures'),(502,146,'0',NULL,''),(503,141,'0',NULL,''),(504,45,'Malay',NULL,'Kuala Lumpur'),(505,44,'Thailand',NULL,'Geographic MalaysiaGeographic Malaysia'),(506,44,'Singapore',NULL,'Geographic MalaysiaGeographic Malaysia'),(507,44,'Indonesia',NULL,'Geographic MalaysiaGeographic Malaysia'),(508,151,'0',NULL,''),(509,130,'',NULL,'Grand Total'),(510,145,'144420.76',NULL,''),(511,48,'Male',NULL,'Penang'),(512,138,'13123',NULL,''),(513,132,'',NULL,''),(514,124,'',NULL,''),(515,126,'',NULL,'Alibaba.com'),(516,142,'036936.90',NULL,''),(517,4,'Panpages Vietnam',NULL,'Company Name'),(518,149,'0',NULL,''),(519,42,'44 %',NULL,''),(520,41,'RM 23123',NULL,''),(521,40,'RM 3123',NULL,''),(522,96,'',NULL,''),(523,43,'11 Months',NULL,''),(524,7,'Panpages Vietnam',NULL,'Company PIC'),(525,150,'0',NULL,''),(526,6,'36 Bui Thi Xuan',NULL,'Company Address'),(527,91,'',NULL,''),(528,19,'213',NULL,'Website Visit'),(529,23,'true',NULL,'Add On Product Description'),(530,47,'18-29',NULL,'Kedah '),(531,135,'',NULL,''),(532,5,'36',NULL,'Listing ID'),(533,139,'123123',NULL,''),(534,140,'0',NULL,''),(535,133,'',NULL,''),(536,137,'',NULL,''),(537,39,'123213213',NULL,'Any additional comment(s)'),(538,20,'43 %',NULL,'Campaign Click Through Rate'),(539,155,'0',NULL,''),(540,46,'Accounting',NULL,'Selangor'),(541,46,'Agriculture',NULL,'Selangor'),(542,46,'Apparel & Accessories',NULL,'Selangor'),(543,46,'Education',NULL,'Selangor'),(544,46,'Electronics',NULL,'Selangor'),(545,8,'panpages',NULL,'Advertising Solution Subscribed'),(546,8,'google-adWords-search-mobile',NULL,'Advertising Solution Subscribed'),(547,8,'google-display-network',NULL,'Advertising Solution Subscribed'),(548,8,'yahoo-search',NULL,'Advertising Solution Subscribed'),(549,8,'yahoo-display',NULL,'Advertising Solution Subscribed'),(550,8,'youtube-ads',NULL,'Advertising Solution Subscribed'),(551,8,'facebook-ads',NULL,'Advertising Solution Subscribed'),(552,8,'pan-360',NULL,'Advertising Solution Subscribed'),(553,8,'alibaba-com',NULL,'Advertising Solution Subscribed'),(554,8,'super-pages',NULL,'Advertising Solution Subscribed'),(555,134,'0',NULL,''),(556,125,'0',NULL,'Facebook Ads'),(557,104,'increase-website-traffic',NULL,'Increase Website Traffic'),(558,104,'increase-brand-awareness',NULL,'Increase Website Traffic'),(559,104,'increase-online-enquiry-submission',NULL,'Increase Website Traffic'),(560,143,'',NULL,''),(561,128,'123213',NULL,'Sub total'),(562,61,'',NULL,''),(563,148,'',NULL,''),(564,131,'0',NULL,''),(565,18,'RM 2312',NULL,'Previous Contract Value'),(566,153,'',NULL,''),(567,32,'true',NULL,'Timely Response To Enquiry'),(568,1,'Tri Le',NULL,'Consultant Name'),(569,2,'ldtri0209@gmail.com',NULL,'Email Address'),(570,147,'',NULL,''),(571,100,'',NULL,''),(572,123,'123213',NULL,''),(573,112,'panpages',NULL,''),(574,112,'google-adWords-search-mobile',NULL,''),(575,112,'google-display-network',NULL,''),(576,112,'yahoo-search',NULL,''),(577,112,'facebook-ads',NULL,''),(578,112,'pan-360',NULL,''),(579,144,'',NULL,''),(580,129,'7392.78',NULL,'6% Gov Tax'),(581,3,'0978756054',NULL,'Mobile Number'),(582,136,'0',NULL,''),(583,146,'',NULL,''),(584,30,'true',NULL,'Improve Website Maintenance'),(585,141,'',NULL,''),(586,45,'English',NULL,'Kuala Lumpur'),(587,44,'Thailand',NULL,'Geographic MalaysiaGeographic Malaysia'),(588,151,'',NULL,''),(589,130,'130605.78',NULL,'Grand Total'),(590,145,'',NULL,''),(591,48,'Male',NULL,'Penang'),(592,138,'',NULL,''),(593,132,'0',NULL,''),(594,124,'0',NULL,''),(595,126,'0',NULL,'Alibaba.com'),(596,142,'',NULL,''),(597,4,'Panpages Vietnam',NULL,'Company Name'),(598,149,'',NULL,''),(599,42,'32 %',NULL,''),(600,41,'RM 123',NULL,''),(601,40,'RM 123',NULL,''),(602,31,'true',NULL,'Frequently Update Your Website'),(603,96,'',NULL,''),(604,43,'1 Months',NULL,''),(605,7,'Panpages Vietnam',NULL,'Company PIC'),(606,150,'',NULL,''),(607,6,'36 Bui Thi Xuan',NULL,'Company Address'),(608,91,'',NULL,''),(609,19,'2113',NULL,'Website Visit'),(610,47,'18-29',NULL,'Kedah '),(611,135,'0',NULL,''),(612,5,'36',NULL,'Listing ID'),(613,139,'',NULL,''),(614,140,'',NULL,''),(615,133,'0',NULL,''),(616,137,'0',NULL,''),(617,39,'qwewqe',NULL,'Any additional comment(s)'),(618,20,'43 %',NULL,'Campaign Click Through Rate'),(619,155,'',NULL,''),(620,46,'Accounting',NULL,'Selangor'),(621,46,'Agriculture',NULL,'Selangor'),(622,8,'panpages',NULL,'Advertising Solution Subscribed'),(623,8,'google-adWords-search-mobile',NULL,'Advertising Solution Subscribed'),(624,8,'google-display-network',NULL,'Advertising Solution Subscribed'),(625,8,'yahoo-search',NULL,'Advertising Solution Subscribed'),(626,8,'yahoo-display',NULL,'Advertising Solution Subscribed'),(627,8,'youtube-ads',NULL,'Advertising Solution Subscribed'),(628,8,'facebook-ads',NULL,'Advertising Solution Subscribed'),(629,8,'pan-360',NULL,'Advertising Solution Subscribed'),(630,134,'0',NULL,''),(631,125,'0',NULL,'Facebook Ads'),(632,104,'increase-website-traffic',NULL,'Increase Website Traffic'),(633,104,'increase-brand-awareness',NULL,'Increase Website Traffic'),(634,104,'increase-online-enquiry-submission',NULL,'Increase Website Traffic'),(635,143,'',NULL,''),(636,128,'123123',NULL,'Sub total'),(637,61,'',NULL,''),(638,148,'',NULL,''),(639,131,'0',NULL,''),(640,18,'RM 312',NULL,'Previous Contract Value'),(641,153,'',NULL,''),(642,32,'true',NULL,'Timely Response To Enquiry'),(643,1,'Tri Le',NULL,'Consultant Name'),(644,2,'ldtri0209@gmail.com',NULL,'Email Address'),(645,147,'',NULL,''),(646,100,'',NULL,''),(647,123,'123123',NULL,''),(648,112,'panpages',NULL,''),(649,112,'google-adWords-search-mobile',NULL,''),(650,112,'google-display-network',NULL,''),(651,144,'',NULL,''),(652,129,'7387.38',NULL,'6% Gov Tax'),(653,3,'0978756054',NULL,'Mobile Number'),(654,136,'0',NULL,''),(655,146,'',NULL,''),(656,30,'true',NULL,'Improve Website Maintenance'),(657,141,'',NULL,''),(658,45,'Malay',NULL,'Kuala Lumpur'),(659,44,'Thailand',NULL,'Geographic MalaysiaGeographic Malaysia'),(660,44,'Singapore',NULL,'Geographic MalaysiaGeographic Malaysia'),(661,151,'',NULL,''),(662,130,'130510.38',NULL,'Grand Total'),(663,145,'',NULL,''),(664,48,'Male',NULL,'Penang'),(665,138,'',NULL,''),(666,132,'0',NULL,''),(667,124,'0',NULL,''),(668,126,'0',NULL,'Alibaba.com'),(669,142,'',NULL,''),(670,4,'Panpages Vietnam',NULL,'Company Name'),(671,149,'',NULL,''),(672,42,'34 %',NULL,''),(673,41,'RM 2132',NULL,''),(674,40,'RM 21',NULL,''),(675,31,'true',NULL,'Frequently Update Your Website'),(676,96,'',NULL,''),(677,43,'1 Months',NULL,''),(678,7,'Panpages Vietnam',NULL,'Company PIC'),(679,150,'',NULL,''),(680,6,'36 Bui Thi Xuan',NULL,'Company Address'),(681,91,'',NULL,''),(682,19,'123',NULL,'Website Visit'),(683,47,'30-49',NULL,'Kedah '),(684,135,'0',NULL,''),(685,5,'36',NULL,'Listing ID'),(686,139,'',NULL,''),(687,140,'',NULL,''),(688,133,'0',NULL,''),(689,137,'0',NULL,''),(690,39,'qewwqewq',NULL,'Any additional comment(s)'),(691,20,'32 %',NULL,'Campaign Click Through Rate'),(692,155,'',NULL,''),(693,46,'Accounting',NULL,'Selangor'),(694,46,'Agriculture',NULL,'Selangor'),(695,8,'panpages',NULL,'Advertising Solution Subscribed'),(696,8,'google-adWords-search-mobile',NULL,'Advertising Solution Subscribed'),(697,134,'0',NULL,''),(698,125,'0',NULL,'Facebook Ads'),(699,104,'increase-website-traffic',NULL,'Increase Website Traffic'),(700,104,'increase-brand-awareness',NULL,'Increase Website Traffic'),(701,104,'increase-online-enquiry-submission',NULL,'Increase Website Traffic'),(702,104,'increase-store-visits',NULL,'Increase Website Traffic'),(703,104,'increase-phone-calls',NULL,'Increase Website Traffic'),(704,104,'increase-online-purchase',NULL,'Increase Website Traffic'),(705,104,'retargeting-visitors',NULL,'Increase Website Traffic'),(706,104,'increase-geographical-coverage',NULL,'Increase Website Traffic'),(707,143,'',NULL,''),(708,128,'3123',NULL,'Sub total'),(709,61,'',NULL,''),(710,148,'',NULL,''),(711,131,'0',NULL,''),(712,18,'RM 2313',NULL,'Previous Contract Value'),(713,153,'',NULL,''),(714,32,'true',NULL,'Timely Response To Enquiry'),(715,1,'Tri Le',NULL,'Consultant Name'),(716,2,'ldtri0209@gmail.com',NULL,'Email Address'),(717,147,'',NULL,''),(718,100,'',NULL,''),(719,123,'3123',NULL,''),(720,112,'panpages',NULL,''),(721,112,'google-adWords-search-mobile',NULL,''),(722,112,'google-display-network',NULL,''),(723,112,'yahoo-display',NULL,''),(724,112,'yahoo-search',NULL,''),(725,112,'super-pages',NULL,''),(726,112,'alibaba-com',NULL,''),(727,112,'pan-360',NULL,''),(728,112,'facebook-ads',NULL,''),(729,112,'youtube-ads',NULL,''),(730,144,'',NULL,''),(731,129,'187.38',NULL,'6% Gov Tax'),(732,3,'0978756054',NULL,'Mobile Number'),(733,136,'0',NULL,''),(734,146,'',NULL,''),(735,30,'true',NULL,'Improve Website Maintenance'),(736,141,'',NULL,''),(737,45,'English',NULL,'Kuala Lumpur'),(738,44,'Thailand',NULL,'Geographic MalaysiaGeographic Malaysia'),(739,44,'Singapore',NULL,'Geographic MalaysiaGeographic Malaysia'),(740,151,'',NULL,''),(741,130,'3310.38',NULL,'Grand Total'),(742,145,'',NULL,''),(743,48,'Male',NULL,'Penang'),(744,138,'',NULL,''),(745,132,'0',NULL,''),(746,124,'0',NULL,''),(747,126,'0',NULL,'Alibaba.com'),(748,142,'',NULL,''),(749,4,'Panpages Vietnam',NULL,'Company Name'),(750,149,'',NULL,''),(751,42,'33 %',NULL,''),(752,41,'RM 12321',NULL,''),(753,40,'RM 12312',NULL,''),(754,31,'true',NULL,'Frequently Update Your Website'),(755,96,'',NULL,''),(756,43,'1 Months',NULL,''),(757,7,'Panpages Vietnam',NULL,'Company PIC'),(758,150,'',NULL,''),(759,6,'36 Bui Thi Xuan',NULL,'Company Address'),(760,91,'',NULL,''),(761,19,'123',NULL,'Website Visit'),(762,47,'30-49',NULL,'Kedah '),(763,135,'0',NULL,''),(764,5,'36',NULL,'Listing ID'),(765,139,'',NULL,''),(766,140,'',NULL,''),(767,133,'0',NULL,''),(768,137,'0',NULL,''),(769,39,'3wqeqwewqe',NULL,'Any additional comment(s)'),(770,20,'32 %',NULL,'Campaign Click Through Rate'),(771,155,'',NULL,''),(772,46,'Accounting',NULL,'Selangor'),(773,46,'Agriculture',NULL,'Selangor'),(774,46,'Advertising',NULL,'Selangor'),(775,46,'Apparel & Accessories',NULL,'Selangor'),(776,8,'google-adWords-search-mobile',NULL,'Advertising Solution Subscribed'),(777,8,'youtube-ads',NULL,'Advertising Solution Subscribed'),(778,8,'facebook-ads',NULL,'Advertising Solution Subscribed'),(779,134,'0',NULL,''),(780,125,'0',NULL,'Facebook Ads'),(781,104,'increase-brand-awareness',NULL,'Increase Website Traffic'),(782,104,'increase-website-traffic',NULL,'Increase Website Traffic'),(783,104,'increase-online-enquiry-submission',NULL,'Increase Website Traffic'),(784,104,'increase-store-visits',NULL,'Increase Website Traffic'),(785,104,'increase-phone-calls',NULL,'Increase Website Traffic'),(786,104,'increase-online-purchase',NULL,'Increase Website Traffic'),(787,104,'increase-geographical-coverage',NULL,'Increase Website Traffic'),(788,104,'retargeting-visitors',NULL,'Increase Website Traffic'),(789,143,'',NULL,''),(790,128,'12321',NULL,'Sub total'),(791,61,'',NULL,''),(792,148,'',NULL,''),(793,131,'0',NULL,''),(794,18,'RM 2131',NULL,'Previous Contract Value'),(795,153,'',NULL,''),(796,32,'true',NULL,'Timely Response To Enquiry'),(797,1,'Tri Le',NULL,'Consultant Name'),(798,2,'ldtri0209@gmail.com',NULL,'Email Address'),(799,147,'',NULL,''),(800,100,'',NULL,''),(801,123,'12321',NULL,''),(802,112,'youtube-ads',NULL,''),(803,112,'facebook-ads',NULL,''),(804,112,'pan-360',NULL,''),(805,112,'alibaba-com',NULL,''),(806,112,'super-pages',NULL,''),(807,112,'yahoo-display',NULL,''),(808,112,'yahoo-search',NULL,''),(809,112,'google-display-network',NULL,''),(810,112,'google-adWords-search-mobile',NULL,''),(811,112,'panpages',NULL,''),(812,144,'',NULL,''),(813,129,'739.26',NULL,'6% Gov Tax'),(814,3,'0978756054',NULL,'Mobile Number'),(815,136,'0',NULL,''),(816,146,'',NULL,''),(817,30,'true',NULL,'Improve Website Maintenance'),(818,141,'',NULL,''),(819,45,'English',NULL,'Kuala Lumpur'),(820,45,'Malay',NULL,'Kuala Lumpur'),(821,44,'Thailand',NULL,'Geographic MalaysiaGeographic Malaysia'),(822,44,'Singapore',NULL,'Geographic MalaysiaGeographic Malaysia'),(823,151,'',NULL,''),(824,130,'13060.26',NULL,'Grand Total'),(825,145,'',NULL,''),(826,48,'Male',NULL,'Penang'),(827,138,'',NULL,''),(828,132,'0',NULL,''),(829,124,'0',NULL,''),(830,126,'0',NULL,'Alibaba.com'),(831,142,'',NULL,''),(832,4,'Panpages Vietnam',NULL,'Company Name'),(833,149,'',NULL,''),(834,42,'34 %',NULL,''),(835,41,'RM 321',NULL,''),(836,40,'RM 123',NULL,''),(837,31,'true',NULL,'Frequently Update Your Website'),(838,96,'',NULL,''),(839,43,'1 Months',NULL,''),(840,7,'Panpages Vietnam',NULL,'Company PIC'),(841,150,'',NULL,''),(842,6,'36 Bui Thi Xuan',NULL,'Company Address'),(843,91,'',NULL,''),(844,19,'123',NULL,'Website Visit'),(845,47,'18-29',NULL,'Kedah '),(846,135,'0',NULL,''),(847,5,'36',NULL,'Listing ID'),(848,139,'',NULL,''),(849,140,'',NULL,''),(850,133,'0',NULL,''),(851,137,'0',NULL,''),(852,39,'wewewerewr',NULL,'Any additional comment(s)'),(853,20,'32 %',NULL,'Campaign Click Through Rate'),(854,155,'',NULL,''),(855,46,'Accounting',NULL,'Selangor'),(856,46,'Agriculture',NULL,'Selangor'),(857,46,'Advertising',NULL,'Selangor'),(858,8,'panpages',NULL,'Advertising Solution Subscribed'),(859,8,'google-adWords-search-mobile',NULL,'Advertising Solution Subscribed'),(860,8,'google-display-network',NULL,'Advertising Solution Subscribed'),(861,8,'yahoo-search',NULL,'Advertising Solution Subscribed'),(862,8,'yahoo-display',NULL,'Advertising Solution Subscribed'),(863,8,'youtube-ads',NULL,'Advertising Solution Subscribed'),(864,8,'facebook-ads',NULL,'Advertising Solution Subscribed'),(865,8,'pan-360',NULL,'Advertising Solution Subscribed'),(866,8,'alibaba-com',NULL,'Advertising Solution Subscribed'),(867,8,'super-pages',NULL,'Advertising Solution Subscribed'),(868,134,'0',NULL,''),(869,125,'0',NULL,'Facebook Ads'),(870,104,'increase-website-traffic',NULL,'Increase Website Traffic'),(871,104,'increase-brand-awareness',NULL,'Increase Website Traffic'),(872,104,'increase-online-enquiry-submission',NULL,'Increase Website Traffic'),(873,104,'increase-store-visits',NULL,'Increase Website Traffic'),(874,104,'increase-phone-calls',NULL,'Increase Website Traffic'),(875,104,'increase-online-purchase',NULL,'Increase Website Traffic'),(876,104,'retargeting-visitors',NULL,'Increase Website Traffic'),(877,104,'increase-geographical-coverage',NULL,'Increase Website Traffic'),(878,143,'',NULL,''),(879,128,'12312',NULL,'Sub total'),(880,61,'',NULL,''),(881,148,'',NULL,''),(882,131,'0',NULL,''),(883,21,'true',NULL,'Improve Website Content'),(884,18,'RM 3123',NULL,'Previous Contract Value'),(885,153,'',NULL,''),(886,1,'Tri Le',NULL,'Consultant Name'),(887,2,'ldtri0209@gmail.com',NULL,'Email Address'),(888,147,'',NULL,''),(889,100,'',NULL,''),(890,123,'12312',NULL,''),(891,112,'panpages',NULL,''),(892,112,'google-adWords-search-mobile',NULL,''),(893,112,'google-display-network',NULL,''),(894,112,'yahoo-search',NULL,''),(895,112,'yahoo-display',NULL,''),(896,112,'youtube-ads',NULL,''),(897,112,'facebook-ads',NULL,''),(898,112,'pan-360',NULL,''),(899,112,'alibaba-com',NULL,''),(900,112,'super-pages',NULL,''),(901,33,'true',NULL,'Monitor Effectiveness'),(902,144,'',NULL,''),(903,129,'738.72',NULL,'6% Gov Tax'),(904,3,'0978756054',NULL,'Mobile Number'),(905,136,'0',NULL,''),(906,22,'true',NULL,'Add On Relevant Product Pictures'),(907,146,'',NULL,''),(908,141,'',NULL,''),(909,45,'English',NULL,'Kuala Lumpur'),(910,44,'Malaysia',NULL,'Geographic MalaysiaGeographic Malaysia'),(911,44,'Kuala Lumpur',NULL,'Geographic MalaysiaGeographic Malaysia'),(912,44,'Selangor',NULL,'Geographic MalaysiaGeographic Malaysia'),(913,151,'',NULL,''),(914,130,'13050.72',NULL,'Grand Total'),(915,145,'',NULL,''),(916,48,'Male',NULL,'Penang'),(917,138,'',NULL,''),(918,132,'0',NULL,''),(919,124,'0',NULL,''),(920,126,'0',NULL,'Alibaba.com'),(921,142,'',NULL,''),(922,4,'Panpages Vietnam',NULL,'Company Name'),(923,149,'',NULL,''),(924,42,'23 %',NULL,''),(925,41,'RM 123',NULL,''),(926,34,'true',NULL,'Tracking On Calls & Wall In'),(927,40,'RM 12312',NULL,''),(928,96,'',NULL,''),(929,43,'1 Months',NULL,''),(930,7,'Panpages Vietnam',NULL,'Company PIC'),(931,150,'',NULL,''),(932,6,'36 Bui Thi Xuan',NULL,'Company Address'),(933,91,'',NULL,''),(934,19,'123',NULL,'Website Visit'),(935,23,'true',NULL,'Add On Product Description'),(936,47,'18-29',NULL,'Kedah '),(937,135,'0',NULL,''),(938,5,'36',NULL,'Listing ID'),(939,139,'',NULL,''),(940,140,'',NULL,''),(941,133,'0',NULL,''),(942,137,'0',NULL,''),(943,39,'qweqwewqe',NULL,'Any additional comment(s)'),(944,20,'23 %',NULL,'Campaign Click Through Rate'),(945,155,'',NULL,''),(946,46,'Accounting',NULL,'Selangor'),(947,46,'Agriculture',NULL,'Selangor'),(948,8,'panpages',NULL,'Advertising Solution Subscribed'),(949,8,'google-adWords-search-mobile',NULL,'Advertising Solution Subscribed'),(950,8,'google-display-network',NULL,'Advertising Solution Subscribed'),(951,8,'yahoo-search',NULL,'Advertising Solution Subscribed'),(952,8,'yahoo-display',NULL,'Advertising Solution Subscribed'),(953,8,'youtube-ads',NULL,'Advertising Solution Subscribed'),(954,8,'facebook-ads',NULL,'Advertising Solution Subscribed'),(955,8,'pan-360',NULL,'Advertising Solution Subscribed'),(956,8,'alibaba-com',NULL,'Advertising Solution Subscribed'),(957,8,'super-pages',NULL,'Advertising Solution Subscribed'),(958,134,'0',NULL,''),(959,125,'0',NULL,'Facebook Ads'),(960,104,'increase-website-traffic',NULL,'Increase Website Traffic'),(961,143,'',NULL,''),(962,128,'123',NULL,'Sub total'),(963,61,'',NULL,''),(964,148,'',NULL,''),(965,131,'0',NULL,''),(966,18,'RM 123',NULL,'Previous Contract Value'),(967,153,'',NULL,''),(968,1,'Tri Le',NULL,'Consultant Name'),(969,2,'ldtri0209@gmail.com',NULL,'Email Address'),(970,147,'',NULL,''),(971,100,'',NULL,''),(972,123,'123',NULL,''),(973,112,'panpages',NULL,''),(974,112,'google-adWords-search-mobile',NULL,''),(975,112,'google-display-network',NULL,''),(976,112,'yahoo-search',NULL,''),(977,112,'yahoo-display',NULL,''),(978,112,'youtube-ads',NULL,''),(979,112,'facebook-ads',NULL,''),(980,112,'alibaba-com',NULL,''),(981,112,'super-pages',NULL,''),(982,112,'pan-360',NULL,''),(983,144,'',NULL,''),(984,129,'7.38',NULL,'6% Gov Tax'),(985,3,'0978756054',NULL,'Mobile Number'),(986,136,'0',NULL,''),(987,146,'',NULL,''),(988,30,'true',NULL,'Improve Website Maintenance'),(989,141,'',NULL,''),(990,45,'English',NULL,'Kuala Lumpur'),(991,44,'Indonesia',NULL,'Geographic MalaysiaGeographic Malaysia'),(992,151,'',NULL,''),(993,130,'130.38',NULL,'Grand Total'),(994,145,'',NULL,''),(995,48,'Male',NULL,'Penang'),(996,138,'',NULL,''),(997,132,'0',NULL,''),(998,124,'0',NULL,''),(999,126,'0',NULL,'Alibaba.com'),(1000,142,'',NULL,''),(1001,4,'Panpages Vietnam',NULL,'Company Name'),(1002,149,'',NULL,''),(1003,42,'123 %',NULL,''),(1004,41,'RM 123',NULL,''),(1005,40,'RM 13',NULL,''),(1006,31,'true',NULL,'Frequently Update Your Website'),(1007,96,'',NULL,''),(1008,43,'1 Months',NULL,''),(1009,7,'Panpages Vietnam',NULL,'Company PIC'),(1010,150,'',NULL,''),(1011,6,'36 Bui Thi Xuan',NULL,'Company Address'),(1012,91,'',NULL,''),(1013,19,'2312',NULL,'Website Visit'),(1014,47,'18-29',NULL,'Kedah '),(1015,135,'0',NULL,''),(1016,5,'36',NULL,'Listing ID'),(1017,139,'',NULL,''),(1018,140,'',NULL,''),(1019,133,'0',NULL,''),(1020,137,'0',NULL,''),(1021,39,'2131',NULL,'Any additional comment(s)'),(1022,20,'32 %',NULL,'Campaign Click Through Rate'),(1023,155,'',NULL,''),(1024,46,'Accounting',NULL,'Selangor'),(1025,46,'Agriculture',NULL,'Selangor'),(1026,46,'Advertising',NULL,'Selangor'),(1027,46,'Apparel & Accessories',NULL,'Selangor'),(1028,8,'youtube-ads',NULL,'Advertising Solution Subscribed'),(1029,8,'facebook-ads',NULL,'Advertising Solution Subscribed'),(1030,8,'pan-360',NULL,'Advertising Solution Subscribed'),(1031,8,'super-pages',NULL,'Advertising Solution Subscribed'),(1032,8,'alibaba-com',NULL,'Advertising Solution Subscribed'),(1033,8,'yahoo-display',NULL,'Advertising Solution Subscribed'),(1034,8,'yahoo-search',NULL,'Advertising Solution Subscribed'),(1035,8,'google-display-network',NULL,'Advertising Solution Subscribed'),(1036,8,'google-adWords-search-mobile',NULL,'Advertising Solution Subscribed'),(1037,8,'panpages',NULL,'Advertising Solution Subscribed'),(1038,134,'65',NULL,''),(1039,125,'456',NULL,'Facebook Ads'),(1040,104,'increase-website-traffic',NULL,'Increase Website Traffic'),(1041,104,'increase-brand-awareness',NULL,'Increase Website Traffic'),(1042,104,'increase-online-enquiry-submission',NULL,'Increase Website Traffic'),(1043,104,'increase-store-visits',NULL,'Increase Website Traffic'),(1044,104,'increase-phone-calls',NULL,'Increase Website Traffic'),(1045,104,'increase-online-purchase',NULL,'Increase Website Traffic'),(1046,104,'retargeting-visitors',NULL,'Increase Website Traffic'),(1047,143,'8824',NULL,''),(1048,128,'49700',NULL,'Sub total'),(1049,61,'VietNam',NULL,''),(1050,131,'433',NULL,''),(1051,21,'true',NULL,'Improve Website Content'),(1052,32,'true',NULL,'Timely Response To Enquiry'),(1053,1,'Tri Le',NULL,'Consultant Name'),(1054,2,'ldtri0209@gmail.com',NULL,'Email Address'),(1055,28,'true',NULL,'Include Certification For Better Credential'),(1056,147,'344',NULL,''),(1057,112,'panpages',NULL,''),(1058,112,'google-adWords-search-mobile',NULL,''),(1059,112,'google-display-network',NULL,''),(1060,112,'yahoo-search',NULL,''),(1061,112,'youtube-ads',NULL,''),(1062,144,'529.44',NULL,''),(1063,129,'2982',NULL,'6% Gov Tax'),(1064,30,'true',NULL,'Improve Website Maintenance'),(1065,141,'435',NULL,''),(1066,151,'54',NULL,''),(1067,138,'453',NULL,''),(1068,124,'23432',NULL,''),(1069,142,'02090.10',NULL,''),(1070,4,'Panpages Vietnam',NULL,'Company Name'),(1071,149,'435',NULL,''),(1072,42,'45',NULL,''),(1073,41,'75',NULL,''),(1074,40,'35',NULL,''),(1075,43,'4',NULL,''),(1076,150,'435',NULL,''),(1077,6,'36 Bui Thi Xuan',NULL,'Company Address'),(1078,19,'123213',NULL,'Website Visit'),(1079,23,'true',NULL,'Add On Product Description'),(1080,135,'456',NULL,''),(1081,5,'36',NULL,'Listing ID'),(1082,139,'345',NULL,''),(1083,37,'true',NULL,'Enhance Visibility'),(1084,140,'345',NULL,''),(1085,137,'34',NULL,''),(1086,39,'Tinh Khong La Mo - Le Quen',NULL,'Any additional comment(s)'),(1087,20,'30',NULL,'Campaign Click Through Rate'),(1088,155,'5545',NULL,''),(1089,46,'Accounting',NULL,'Selangor'),(1090,46,'Agriculture',NULL,'Selangor'),(1091,46,'Advertising',NULL,'Selangor'),(1092,46,'Apparel & Accessories',NULL,'Selangor'),(1093,46,'Automotive',NULL,'Selangor'),(1094,46,'Banking',NULL,'Selangor'),(1095,46,'Broadcasting',NULL,'Selangor'),(1096,46,'Brokerage',NULL,'Selangor'),(1097,46,'Biotecnology',NULL,'Selangor'),(1098,46,'Cargo Handling',NULL,'Selangor'),(1099,46,'Chemical',NULL,'Selangor'),(1100,46,'Computer',NULL,'Selangor'),(1101,46,'Consulting',NULL,'Selangor'),(1102,46,'Consumer Products',NULL,'Selangor'),(1103,46,'Cosmetics',NULL,'Selangor'),(1104,46,'Department Stores',NULL,'Selangor'),(1105,46,'Education',NULL,'Selangor'),(1106,46,'Electronics',NULL,'Selangor'),(1107,46,'Entertainment & Leisure',NULL,'Selangor'),(1108,46,'Financial',NULL,'Selangor'),(1109,46,'Food Beverage & Tobacco',NULL,'Selangor'),(1110,46,'Healthcare',NULL,'Selangor'),(1111,46,'Manufacturing',NULL,'Selangor'),(1112,46,'Real Estate',NULL,'Selangor'),(1113,46,'Retail& Wholesale',NULL,'Selangor'),(1114,46,'Service',NULL,'Selangor'),(1115,46,'Selecommunications',NULL,'Selangor'),(1116,46,'Building & Construction',NULL,'Selangor'),(1117,46,'Hotel Restaurant',NULL,'Selangor'),(1118,46,'VietNam',NULL,'Selangor'),(1119,29,'true',NULL,'Enhance Website Picture Quality'),(1120,24,'true',NULL,'Include Product Price'),(1121,26,'true',NULL,'Include Company Details'),(1122,148,'334',NULL,''),(1123,18,'2312',NULL,'Previous Contract Value'),(1124,153,'45',NULL,''),(1125,27,'true',NULL,'Highlight Unique Selling Point'),(1126,100,'56',NULL,''),(1127,123,'23432',NULL,''),(1128,33,'true',NULL,'Monitor Effectiveness'),(1129,3,'0978756054',NULL,'Mobile Number'),(1130,136,'4',NULL,''),(1131,35,'true',NULL,'Improve Brand Awareness'),(1132,22,'true',NULL,'Add On Relevant Product Pictures'),(1133,36,'true',NULL,'Explore Display Network'),(1134,146,'54',NULL,''),(1135,45,'VietNam',NULL,'Kuala Lumpur'),(1136,44,'Malaysia',NULL,'Geographic MalaysiaGeographic Malaysia'),(1137,44,'Kuala Lumpur',NULL,'Geographic MalaysiaGeographic Malaysia'),(1138,44,'Selangor',NULL,'Geographic MalaysiaGeographic Malaysia'),(1139,44,'Kedah',NULL,'Geographic MalaysiaGeographic Malaysia'),(1140,44,'Ipoh',NULL,'Geographic MalaysiaGeographic Malaysia'),(1141,44,'Penang',NULL,'Geographic MalaysiaGeographic Malaysia'),(1142,44,'Perlis',NULL,'Geographic MalaysiaGeographic Malaysia'),(1143,44,'Pahang',NULL,'Geographic MalaysiaGeographic Malaysia'),(1144,44,'Thailand',NULL,'Geographic MalaysiaGeographic Malaysia'),(1145,44,'Singapore',NULL,'Geographic MalaysiaGeographic Malaysia'),(1146,44,'Indonesia',NULL,'Geographic MalaysiaGeographic Malaysia'),(1147,44,'VietNam',NULL,'Geographic MalaysiaGeographic Malaysia'),(1148,130,'52682',NULL,'Grand Total'),(1149,145,'9353.44',NULL,''),(1150,48,'Male',NULL,'Penang'),(1151,132,'334',NULL,''),(1152,126,'345',NULL,'Alibaba.com'),(1153,25,'true',NULL,'Include Product Specification'),(1154,34,'true',NULL,'Tracking On Calls & Wall In'),(1155,31,'true',NULL,'Frequently Update Your Website'),(1156,96,'VietNam',NULL,''),(1157,7,'Panpages Vietnam',NULL,'Company PIC'),(1158,91,'VietNam',NULL,''),(1159,47,'18-29',NULL,'Kedah '),(1160,47,'56',NULL,'Kedah '),(1161,133,'655',NULL,''),(1162,8,'panpages',NULL,'Advertising Solution Subscribed'),(1163,8,'google-adWords-search-mobile',NULL,'Advertising Solution Subscribed'),(1164,8,'yahoo-search',NULL,'Advertising Solution Subscribed'),(1165,8,'google-display-network',NULL,'Advertising Solution Subscribed'),(1166,8,'yahoo-display',NULL,'Advertising Solution Subscribed'),(1167,8,'youtube-ads',NULL,'Advertising Solution Subscribed'),(1168,8,'facebook-ads',NULL,'Advertising Solution Subscribed'),(1169,8,'pan-360',NULL,'Advertising Solution Subscribed'),(1170,8,'alibaba-com',NULL,'Advertising Solution Subscribed'),(1171,8,'super-pages',NULL,'Advertising Solution Subscribed'),(1172,134,'0',NULL,''),(1173,125,'0',NULL,'Facebook Ads'),(1174,24,'true',NULL,'Include Product Price'),(1175,104,'increase-website-traffic',NULL,'Increase Website Traffic'),(1176,104,'increase-brand-awareness',NULL,'Increase Website Traffic'),(1177,104,'increase-online-enquiry-submission',NULL,'Increase Website Traffic'),(1178,143,'',NULL,''),(1179,128,'234',NULL,'Sub total'),(1180,61,'vn',NULL,''),(1181,148,'',NULL,''),(1182,131,'0',NULL,''),(1183,21,'true',NULL,'Improve Website Content'),(1184,18,'2312',NULL,'Previous Contract Value'),(1185,153,'',NULL,''),(1186,1,'Tri Le',NULL,'Consultant Name'),(1187,2,'ldtri0209@gmail.com',NULL,'Email Address'),(1188,147,'',NULL,''),(1189,100,'43',NULL,''),(1190,123,'234',NULL,''),(1191,112,'panpages',NULL,''),(1192,112,'google-adWords-search-mobile',NULL,''),(1193,112,'alibaba-com',NULL,''),(1194,112,'pan-360',NULL,''),(1195,144,'',NULL,''),(1196,129,'14.04',NULL,'6% Gov Tax'),(1197,3,'0978756054',NULL,'Mobile Number'),(1198,136,'0',NULL,''),(1199,22,'true',NULL,'Add On Relevant Product Pictures'),(1200,146,'',NULL,''),(1201,141,'',NULL,''),(1202,45,'English',NULL,'Kuala Lumpur'),(1203,45,'Malay',NULL,'Kuala Lumpur'),(1204,45,'vn',NULL,'Kuala Lumpur'),(1205,44,'Malaysia',NULL,'Geographic MalaysiaGeographic Malaysia'),(1206,44,'Thailand',NULL,'Geographic MalaysiaGeographic Malaysia'),(1207,44,'Singapore',NULL,'Geographic MalaysiaGeographic Malaysia'),(1208,44,'Indonesia',NULL,'Geographic MalaysiaGeographic Malaysia'),(1209,44,'vn',NULL,'Geographic MalaysiaGeographic Malaysia'),(1210,151,'',NULL,''),(1211,130,'248.04',NULL,'Grand Total'),(1212,145,'',NULL,''),(1213,48,'Male',NULL,'Penang'),(1214,138,'',NULL,''),(1215,132,'0',NULL,''),(1216,124,'0',NULL,''),(1217,126,'0',NULL,'Alibaba.com'),(1218,142,'',NULL,''),(1219,4,'Panpages Vietnam',NULL,'Company Name'),(1220,149,'',NULL,''),(1221,42,'45',NULL,''),(1222,41,'423',NULL,''),(1223,40,'234',NULL,''),(1224,96,'vn',NULL,''),(1225,43,'2',NULL,''),(1226,7,'Panpages Vietnam',NULL,'Company PIC'),(1227,150,'',NULL,''),(1228,6,'36 Bui Thi Xuan',NULL,'Company Address'),(1229,91,'vn',NULL,''),(1230,19,'123213',NULL,'Website Visit'),(1231,23,'true',NULL,'Add On Product Description'),(1232,47,'18-29',NULL,'Kedah '),(1233,47,'43',NULL,'Kedah '),(1234,135,'0',NULL,''),(1235,5,'36',NULL,'Listing ID'),(1236,139,'',NULL,''),(1237,140,'',NULL,''),(1238,133,'0',NULL,''),(1239,137,'0',NULL,''),(1240,39,'werwer',NULL,'Any additional comment(s)'),(1241,20,'34',NULL,'Campaign Click Through Rate'),(1242,155,'',NULL,''),(1243,46,'Accounting',NULL,'Selangor'),(1244,46,'Agriculture',NULL,'Selangor'),(1245,46,'Advertising',NULL,'Selangor'),(1246,46,'Apparel & Accessories',NULL,'Selangor'),(1247,46,'Automotive',NULL,'Selangor'),(1248,46,'Banking',NULL,'Selangor'),(1249,46,'vn',NULL,'Selangor'),(1250,8,'panpages',NULL,'Advertising Solution Subscribed'),(1251,8,'google-adWords-search-mobile',NULL,'Advertising Solution Subscribed'),(1252,8,'google-display-network',NULL,'Advertising Solution Subscribed'),(1253,134,'0',NULL,''),(1254,125,'0',NULL,'Facebook Ads'),(1255,104,'increase-phone-calls',NULL,'Increase Website Traffic'),(1256,104,'increase-website-traffic',NULL,'Increase Website Traffic'),(1257,143,'',NULL,''),(1258,128,'23211',NULL,'Sub total'),(1259,61,'',NULL,''),(1260,148,'',NULL,''),(1261,131,'0',NULL,''),(1262,21,'true',NULL,'Improve Website Content'),(1263,18,'3213',NULL,'Previous Contract Value'),(1264,153,'',NULL,''),(1265,1,'Tri Le',NULL,'Consultant Name'),(1266,2,'ldtri0209@gmail.com',NULL,'Email Address'),(1267,147,'',NULL,''),(1268,100,'',NULL,''),(1269,123,'23211',NULL,''),(1270,112,'panpages',NULL,''),(1271,112,'google-adWords-search-mobile',NULL,''),(1272,144,'',NULL,''),(1273,129,'1392.66',NULL,'6% Gov Tax'),(1274,3,'0978756054',NULL,'Mobile Number'),(1275,136,'0',NULL,''),(1276,35,'true',NULL,'Improve Brand Awareness'),(1277,146,'',NULL,''),(1278,141,'',NULL,''),(1279,44,'Malaysia',NULL,'Geographic MalaysiaGeographic Malaysia'),(1280,151,'',NULL,''),(1281,130,'24603.66',NULL,'Grand Total'),(1282,145,'',NULL,''),(1283,48,'Male',NULL,'Penang'),(1284,138,'',NULL,''),(1285,132,'0',NULL,''),(1286,124,'0',NULL,''),(1287,126,'0',NULL,'Alibaba.com'),(1288,127,'00.00',NULL,'Management Fee'),(1289,142,'',NULL,''),(1290,4,'Panpages Vietnam',NULL,'Company Name'),(1291,149,'',NULL,''),(1292,42,'43',NULL,''),(1293,41,'3212',NULL,''),(1294,40,'3123',NULL,''),(1295,96,'',NULL,''),(1296,43,'11',NULL,''),(1297,7,'Panpages Vietnam',NULL,'Company PIC'),(1298,150,'',NULL,''),(1299,6,'36 Bui Thi Xuan',NULL,'Company Address'),(1300,91,'',NULL,''),(1301,19,'321312',NULL,'Website Visit'),(1302,154,'0',NULL,''),(1303,47,'18-29',NULL,'Kedah '),(1304,135,'0',NULL,''),(1305,5,'36',NULL,'Listing ID'),(1306,139,'',NULL,''),(1307,140,'',NULL,''),(1308,133,'0',NULL,''),(1309,137,'0',NULL,''),(1310,39,'jdlksajdlaks',NULL,'Any additional comment(s)'),(1311,20,'32',NULL,'Campaign Click Through Rate'),(1312,155,'',NULL,''),(1313,46,'Accounting',NULL,'Selangor'),(1314,8,'panpages',NULL,'Advertising Solution Subscribed'),(1315,8,'google-adWords-search-mobile',NULL,'Advertising Solution Subscribed'),(1316,8,'google-display-network',NULL,'Advertising Solution Subscribed'),(1317,8,'youtube-ads',NULL,'Advertising Solution Subscribed'),(1318,8,'facebook-ads',NULL,'Advertising Solution Subscribed'),(1319,134,'0',NULL,''),(1320,125,'0',NULL,'Facebook Ads'),(1321,104,'increase-phone-calls',NULL,'Increase Website Traffic'),(1322,104,'increase-website-traffic',NULL,'Increase Website Traffic'),(1323,143,'',NULL,''),(1324,128,'23211',NULL,'Sub total'),(1325,61,'',NULL,''),(1326,148,'',NULL,''),(1327,131,'0',NULL,''),(1328,21,'true',NULL,'Improve Website Content'),(1329,18,'3213',NULL,'Previous Contract Value'),(1330,153,'',NULL,''),(1331,1,'Tri Le',NULL,'Consultant Name'),(1332,2,'ldtri0209@gmail.com',NULL,'Email Address'),(1333,147,'',NULL,''),(1334,100,'',NULL,''),(1335,123,'23211',NULL,''),(1336,112,'panpages',NULL,''),(1337,112,'google-adWords-search-mobile',NULL,''),(1338,144,'',NULL,''),(1339,129,'1392.66',NULL,'6% Gov Tax'),(1340,3,'0978756054',NULL,'Mobile Number'),(1341,136,'0',NULL,''),(1342,35,'true',NULL,'Improve Brand Awareness'),(1343,146,'',NULL,''),(1344,141,'',NULL,''),(1345,44,'Malaysia',NULL,'Geographic MalaysiaGeographic Malaysia'),(1346,151,'',NULL,''),(1347,130,'24603.66',NULL,'Grand Total'),(1348,145,'',NULL,''),(1349,48,'Male',NULL,'Penang'),(1350,138,'',NULL,''),(1351,132,'0',NULL,''),(1352,124,'0',NULL,''),(1353,126,'0',NULL,'Alibaba.com'),(1354,127,'00.00',NULL,'Management Fee'),(1355,142,'',NULL,''),(1356,4,'Panpages Vietnam',NULL,'Company Name'),(1357,149,'',NULL,''),(1358,42,'43',NULL,''),(1359,41,'3212',NULL,''),(1360,40,'3123',NULL,''),(1361,96,'',NULL,''),(1362,43,'11',NULL,''),(1363,7,'Panpages Vietnam',NULL,'Company PIC'),(1364,150,'',NULL,''),(1365,6,'36 Bui Thi Xuan',NULL,'Company Address'),(1366,91,'',NULL,''),(1367,19,'321312',NULL,'Website Visit'),(1368,154,'0',NULL,''),(1369,47,'18-29',NULL,'Kedah '),(1370,135,'0',NULL,''),(1371,5,'36',NULL,'Listing ID'),(1372,139,'',NULL,''),(1373,140,'',NULL,''),(1374,133,'0',NULL,''),(1375,137,'0',NULL,''),(1376,39,'jdlksajdlaks',NULL,'Any additional comment(s)'),(1377,20,'32',NULL,'Campaign Click Through Rate'),(1378,155,'',NULL,''),(1379,46,'Accounting',NULL,'Selangor'),(1380,8,'panpages',NULL,'Advertising Solution Subscribed'),(1381,8,'google-adWords-search-mobile',NULL,'Advertising Solution Subscribed'),(1382,8,'google-display-network',NULL,'Advertising Solution Subscribed'),(1383,8,'youtube-ads',NULL,'Advertising Solution Subscribed'),(1384,8,'facebook-ads',NULL,'Advertising Solution Subscribed'),(1385,134,'321123',NULL,''),(1386,125,'0',NULL,'Facebook Ads'),(1387,24,'true',NULL,'Include Product Price'),(1388,104,'increase-website-traffic',NULL,'Increase Website Traffic'),(1389,104,'increase-brand-awareness',NULL,'Increase Website Traffic'),(1390,104,'increase-online-enquiry-submission',NULL,'Increase Website Traffic'),(1391,104,'increase-online-enquiry-submission',NULL,'Increase Website Traffic'),(1392,143,'',NULL,''),(1393,128,'567549',NULL,'Sub total'),(1394,61,'',NULL,''),(1395,148,'',NULL,''),(1396,131,'0',NULL,''),(1397,21,'true',NULL,'Improve Website Content'),(1398,18,'3123',NULL,'Previous Contract Value'),(1399,153,'',NULL,''),(1400,1,'Tri Le',NULL,'Consultant Name'),(1401,2,'ldtri0209@gmail.com',NULL,'Email Address'),(1402,147,'',NULL,''),(1403,100,'',NULL,''),(1404,123,'123213',NULL,''),(1405,112,'panpages',NULL,''),(1406,112,'google-adWords-search-mobile',NULL,''),(1407,144,'',NULL,''),(1408,129,'34052.94',NULL,'6% Gov Tax'),(1409,3,'0978756054',NULL,'Mobile Number'),(1410,136,'0',NULL,''),(1411,22,'true',NULL,'Add On Relevant Product Pictures'),(1412,146,'',NULL,''),(1413,141,'',NULL,''),(1414,45,'English',NULL,'Kuala Lumpur'),(1415,45,'Malay',NULL,'Kuala Lumpur'),(1416,44,'Malaysia',NULL,'Geographic MalaysiaGeographic Malaysia'),(1417,44,'Singapore',NULL,'Geographic MalaysiaGeographic Malaysia'),(1418,151,'',NULL,''),(1419,130,'601601.94',NULL,'Grand Total'),(1420,145,'',NULL,''),(1421,48,'Male',NULL,'Penang'),(1422,138,'',NULL,''),(1423,132,'0',NULL,''),(1424,124,'123213',NULL,''),(1425,126,'0',NULL,'Alibaba.com'),(1426,127,'0133300.80',NULL,'Management Fee'),(1427,142,'',NULL,''),(1428,4,'Panpages Vietnam',NULL,'Company Name'),(1429,149,'',NULL,''),(1430,42,'32',NULL,''),(1431,41,'534',NULL,''),(1432,40,'3453',NULL,''),(1433,96,'',NULL,''),(1434,43,'1',NULL,''),(1435,7,'Panpages Vietnam',NULL,'Company PIC'),(1436,150,'',NULL,''),(1437,6,'36 Bui Thi Xuan',NULL,'Company Address'),(1438,91,'',NULL,''),(1439,19,'231',NULL,'Website Visit'),(1440,23,'true',NULL,'Add On Product Description'),(1441,154,'0',NULL,''),(1442,47,'18-29',NULL,'Kedah '),(1443,135,'0',NULL,''),(1444,5,'36',NULL,'Listing ID'),(1445,139,'',NULL,''),(1446,140,'',NULL,''),(1447,133,'0',NULL,''),(1448,137,'0',NULL,''),(1449,39,'qwewqeq',NULL,'Any additional comment(s)'),(1450,20,'32',NULL,'Campaign Click Through Rate'),(1451,155,'',NULL,''),(1452,46,'Accounting',NULL,'Selangor'),(1453,46,'Agriculture',NULL,'Selangor'),(1454,46,'Advertising',NULL,'Selangor'),(1455,8,'google-adWords-search-mobile',NULL,'Advertising Solution Subscribed'),(1456,8,'panpages',NULL,'Advertising Solution Subscribed'),(1457,8,'alibaba-com',NULL,'Advertising Solution Subscribed');
/*!40000 ALTER TABLE `field` ENABLE KEYS */;
UNLOCK TABLES;

--
-- Table structure for table `field_section_relation`
--

DROP TABLE IF EXISTS `field_section_relation`;
/*!40101 SET @saved_cs_client     = @@character_set_client */;
/*!40101 SET character_set_client = utf8 */;
CREATE TABLE `field_section_relation` (
  `relation_id` int(11) NOT NULL AUTO_INCREMENT,
  `field_id` int(11) NOT NULL,
  `section_id` int(11) NOT NULL,
  PRIMARY KEY (`relation_id`)
) ENGINE=InnoDB AUTO_INCREMENT=1458 DEFAULT CHARSET=utf8;
/*!40101 SET character_set_client = @saved_cs_client */;

--
-- Dumping data for table `field_section_relation`
--

LOCK TABLES `field_section_relation` WRITE;
/*!40000 ALTER TABLE `field_section_relation` DISABLE KEYS */;
INSERT INTO `field_section_relation` VALUES (1,1,10),(2,2,4),(3,3,10),(4,4,4),(5,5,7),(6,6,7),(7,7,7),(8,8,7),(9,9,7),(10,10,7),(11,11,7),(12,12,10),(13,13,10),(14,14,6),(15,15,4),(16,16,10),(17,17,10),(18,18,4),(19,19,3),(20,20,10),(21,21,4),(22,22,1),(23,23,4),(24,24,1),(25,25,4),(26,26,10),(27,27,6),(28,28,10),(29,29,8),(30,30,8),(31,31,8),(32,32,8),(33,33,8),(34,34,8),(35,35,8),(36,36,10),(37,37,10),(38,38,1),(39,39,10),(40,40,4),(41,41,10),(42,42,4),(43,43,10),(44,44,6),(45,45,6),(46,46,6),(47,47,6),(48,48,6),(49,49,6),(50,50,6),(51,51,6),(52,52,6),(53,53,6),(54,54,10),(55,55,10),(56,56,10),(57,57,6),(58,58,10),(59,59,10),(60,60,10),(61,61,10),(62,62,10),(63,63,2),(64,64,10),(65,65,4),(66,66,5),(67,67,5),(68,68,5),(69,69,4),(70,70,6),(71,71,5),(72,72,2),(73,73,10),(74,74,2),(75,75,6),(76,76,3),(77,77,4),(78,78,6),(79,79,10),(80,80,2),(81,81,10),(82,82,10),(83,83,10),(84,84,10),(85,85,4),(86,86,4),(87,87,6),(88,88,6),(89,89,6),(90,90,6),(91,91,6),(92,92,6),(93,93,6),(94,94,6),(95,95,6),(96,96,6),(97,97,6),(98,98,6),(99,99,3),(100,100,3),(101,101,3),(102,102,3),(103,103,20),(104,104,20),(105,105,17),(106,106,17),(107,107,17),(108,108,17),(109,109,17),(110,110,17),(111,111,19),(112,112,19),(113,113,19),(114,114,19),(115,115,19),(116,116,19),(117,117,19),(118,118,19),(119,119,19),(120,120,19),(121,121,19),(122,122,19),(123,123,20),(124,124,20),(125,125,16),(126,126,20),(127,127,20),(128,128,14),(129,129,13),(130,130,20),(131,131,11),(132,132,11),(133,133,20),(134,134,16),(135,135,20),(136,136,18),(137,137,18),(138,138,18),(139,139,18),(140,140,18),(141,141,18),(142,142,18),(143,143,20),(144,144,20),(145,145,11),(146,146,20),(147,147,14),(148,148,20),(149,149,20),(150,150,16),(151,151,16),(152,152,16),(153,153,16),(154,154,20),(155,155,20),(156,156,20),(157,157,16),(158,158,20),(159,159,20),(160,160,20),(161,161,20),(162,162,20),(163,163,12),(164,164,20),(165,165,15),(166,166,15),(167,167,15),(168,168,16),(169,169,15),(170,170,12),(171,171,20),(172,172,12),(173,173,16),(174,174,13),(175,175,14),(176,176,16),(177,177,20),(178,178,12),(179,179,20),(180,180,20),(181,181,20),(182,182,20),(183,183,14),(184,184,14),(185,185,20),(186,186,16),(187,187,16),(188,188,16),(189,189,13),(190,190,13),(191,191,13),(192,192,13),(193,193,13),(194,194,13),(195,195,13),(196,196,13),(280,280,40),(281,281,34),(282,282,40),(283,283,34),(284,284,37),(285,285,37),(286,286,37),(287,287,37),(288,288,37),(289,289,37),(290,290,40),(291,291,40),(292,292,36),(293,293,34),(294,294,40),(295,295,40),(296,296,34),(297,297,33),(298,298,40),(299,299,34),(300,300,31),(301,301,34),(302,302,31),(303,303,34),(304,304,40),(305,305,36),(306,306,40),(307,307,38),(308,308,38),(309,309,38),(310,310,38),(311,311,38),(312,312,34),(313,313,40),(314,314,40),(315,315,31),(316,316,40),(317,317,34),(318,318,34),(319,319,34),(320,320,40),(321,321,34),(322,322,40),(323,323,36),(324,324,36),(325,325,36),(326,326,36),(327,327,36),(328,328,40),(329,329,40),(330,330,40),(331,331,36),(332,332,40),(333,333,40),(334,334,40),(335,335,40),(336,336,40),(337,337,32),(338,338,40),(339,339,34),(340,340,35),(341,341,35),(342,342,34),(343,343,35),(344,344,34),(345,345,36),(346,346,35),(347,347,32),(348,348,40),(349,349,32),(350,350,36),(351,351,33),(352,352,34),(353,353,36),(354,354,40),(355,355,32),(356,356,40),(357,357,34),(358,358,40),(359,359,40),(360,360,40),(361,361,34),(362,362,34),(363,363,40),(364,364,36),(365,365,36),(366,366,36),(367,367,33),(368,368,33),(369,369,33),(370,370,33),(371,371,33),(372,372,33),(373,373,50),(374,374,50),(375,375,44),(376,376,47),(377,377,47),(378,378,47),(379,379,47),(380,380,47),(381,381,50),(382,382,50),(383,383,46),(384,384,44),(385,385,50),(386,386,50),(387,387,44),(388,388,43),(389,389,50),(390,390,44),(391,391,41),(392,392,44),(393,393,41),(394,394,50),(395,395,46),(396,396,50),(397,397,48),(398,398,48),(399,399,48),(400,400,48),(401,401,48),(402,402,48),(403,403,50),(404,404,50),(405,405,41),(406,406,50),(407,407,44),(408,408,50),(409,409,44),(410,410,50),(411,411,46),(412,412,46),(413,413,46),(414,414,46),(415,415,46),(416,416,46),(417,417,46),(418,418,50),(419,419,50),(420,420,50),(421,421,46),(422,422,50),(423,423,50),(424,424,50),(425,425,50),(426,426,50),(427,427,42),(428,428,50),(429,429,44),(430,430,45),(431,431,45),(432,432,45),(433,433,44),(434,434,46),(435,435,45),(436,436,42),(437,437,50),(438,438,42),(439,439,46),(440,440,43),(441,441,44),(442,442,46),(443,443,46),(444,444,50),(445,445,42),(446,446,50),(447,447,50),(448,448,50),(449,449,50),(450,450,44),(451,451,44),(452,452,50),(453,453,46),(454,454,46),(455,455,46),(456,456,46),(457,457,43),(458,458,43),(459,459,43),(460,460,43),(461,461,43),(462,462,43),(463,463,43),(464,464,60),(465,465,60),(466,466,57),(467,467,57),(468,468,57),(469,469,57),(470,470,57),(471,471,57),(472,472,57),(473,473,57),(474,474,60),(475,475,60),(476,476,56),(477,477,60),(478,478,60),(479,479,54),(480,480,53),(481,481,60),(482,482,51),(483,483,51),(484,484,60),(485,485,56),(486,486,60),(487,487,58),(488,488,58),(489,489,58),(490,490,58),(491,491,58),(492,492,58),(493,493,58),(494,494,58),(495,495,58),(496,496,58),(497,497,60),(498,498,60),(499,499,51),(500,500,60),(501,501,54),(502,502,60),(503,503,60),(504,504,56),(505,505,56),(506,506,56),(507,507,56),(508,508,60),(509,509,60),(510,510,60),(511,511,56),(512,512,60),(513,513,60),(514,514,60),(515,515,60),(516,516,60),(517,517,52),(518,518,60),(519,519,55),(520,520,55),(521,521,55),(522,522,56),(523,523,55),(524,524,52),(525,525,60),(526,526,52),(527,527,56),(528,528,53),(529,529,54),(530,530,56),(531,531,60),(532,532,52),(533,533,60),(534,534,60),(535,535,60),(536,536,60),(537,537,54),(538,538,54),(539,539,60),(540,540,56),(541,541,56),(542,542,56),(543,543,56),(544,544,56),(545,545,53),(546,546,53),(547,547,53),(548,548,53),(549,549,53),(550,550,53),(551,551,53),(552,552,53),(553,553,53),(554,554,53),(555,555,70),(556,556,70),(557,557,67),(558,558,67),(559,559,67),(560,560,70),(561,561,70),(562,562,66),(563,563,70),(564,564,70),(565,565,63),(566,566,70),(567,567,64),(568,568,61),(569,569,61),(570,570,70),(571,571,66),(572,572,70),(573,573,68),(574,574,68),(575,575,68),(576,576,68),(577,577,68),(578,578,68),(579,579,70),(580,580,70),(581,581,61),(582,582,70),(583,583,70),(584,584,64),(585,585,70),(586,586,66),(587,587,66),(588,588,70),(589,589,70),(590,590,70),(591,591,66),(592,592,70),(593,593,70),(594,594,70),(595,595,70),(596,596,70),(597,597,62),(598,598,70),(599,599,65),(600,600,65),(601,601,65),(602,602,64),(603,603,66),(604,604,65),(605,605,62),(606,606,70),(607,607,62),(608,608,66),(609,609,63),(610,610,66),(611,611,70),(612,612,62),(613,613,70),(614,614,70),(615,615,70),(616,616,70),(617,617,64),(618,618,64),(619,619,70),(620,620,66),(621,621,66),(622,622,63),(623,623,63),(624,624,63),(625,625,63),(626,626,63),(627,627,63),(628,628,63),(629,629,63),(630,630,80),(631,631,80),(632,632,77),(633,633,77),(634,634,77),(635,635,80),(636,636,80),(637,637,76),(638,638,80),(639,639,80),(640,640,73),(641,641,80),(642,642,74),(643,643,71),(644,644,71),(645,645,80),(646,646,76),(647,647,80),(648,648,78),(649,649,78),(650,650,78),(651,651,80),(652,652,80),(653,653,71),(654,654,80),(655,655,80),(656,656,74),(657,657,80),(658,658,76),(659,659,76),(660,660,76),(661,661,80),(662,662,80),(663,663,80),(664,664,76),(665,665,80),(666,666,80),(667,667,80),(668,668,80),(669,669,80),(670,670,72),(671,671,80),(672,672,75),(673,673,75),(674,674,75),(675,675,74),(676,676,76),(677,677,75),(678,678,72),(679,679,80),(680,680,72),(681,681,76),(682,682,73),(683,683,76),(684,684,80),(685,685,72),(686,686,80),(687,687,80),(688,688,80),(689,689,80),(690,690,74),(691,691,74),(692,692,80),(693,693,76),(694,694,76),(695,695,73),(696,696,73),(697,697,90),(698,698,90),(699,699,87),(700,700,87),(701,701,87),(702,702,87),(703,703,87),(704,704,87),(705,705,87),(706,706,87),(707,707,90),(708,708,90),(709,709,86),(710,710,90),(711,711,90),(712,712,83),(713,713,90),(714,714,84),(715,715,81),(716,716,81),(717,717,90),(718,718,86),(719,719,90),(720,720,88),(721,721,88),(722,722,88),(723,723,88),(724,724,88),(725,725,88),(726,726,88),(727,727,88),(728,728,88),(729,729,88),(730,730,90),(731,731,90),(732,732,81),(733,733,90),(734,734,90),(735,735,84),(736,736,90),(737,737,86),(738,738,86),(739,739,86),(740,740,90),(741,741,90),(742,742,90),(743,743,86),(744,744,90),(745,745,90),(746,746,90),(747,747,90),(748,748,90),(749,749,82),(750,750,90),(751,751,85),(752,752,85),(753,753,85),(754,754,84),(755,755,86),(756,756,85),(757,757,82),(758,758,90),(759,759,82),(760,760,86),(761,761,83),(762,762,86),(763,763,90),(764,764,82),(765,765,90),(766,766,90),(767,767,90),(768,768,90),(769,769,84),(770,770,84),(771,771,90),(772,772,86),(773,773,86),(774,774,86),(775,775,86),(776,776,83),(777,777,83),(778,778,83),(779,779,100),(780,780,100),(781,781,97),(782,782,97),(783,783,97),(784,784,97),(785,785,97),(786,786,97),(787,787,97),(788,788,97),(789,789,100),(790,790,100),(791,791,96),(792,792,100),(793,793,100),(794,794,93),(795,795,100),(796,796,94),(797,797,91),(798,798,91),(799,799,100),(800,800,96),(801,801,100),(802,802,98),(803,803,98),(804,804,98),(805,805,98),(806,806,98),(807,807,98),(808,808,98),(809,809,98),(810,810,98),(811,811,98),(812,812,100),(813,813,100),(814,814,91),(815,815,100),(816,816,100),(817,817,94),(818,818,100),(819,819,96),(820,820,96),(821,821,96),(822,822,96),(823,823,100),(824,824,100),(825,825,100),(826,826,96),(827,827,100),(828,828,100),(829,829,100),(830,830,100),(831,831,100),(832,832,92),(833,833,100),(834,834,95),(835,835,95),(836,836,95),(837,837,94),(838,838,96),(839,839,95),(840,840,92),(841,841,100),(842,842,92),(843,843,96),(844,844,93),(845,845,96),(846,846,100),(847,847,92),(848,848,100),(849,849,100),(850,850,100),(851,851,100),(852,852,94),(853,853,94),(854,854,100),(855,855,96),(856,856,96),(857,857,96),(858,858,93),(859,859,93),(860,860,93),(861,861,93),(862,862,93),(863,863,93),(864,864,93),(865,865,93),(866,866,93),(867,867,93),(868,868,110),(869,869,110),(870,870,107),(871,871,107),(872,872,107),(873,873,107),(874,874,107),(875,875,107),(876,876,107),(877,877,107),(878,878,110),(879,879,110),(880,880,106),(881,881,110),(882,882,110),(883,883,104),(884,884,103),(885,885,110),(886,886,101),(887,887,101),(888,888,110),(889,889,106),(890,890,110),(891,891,108),(892,892,108),(893,893,108),(894,894,108),(895,895,108),(896,896,108),(897,897,108),(898,898,108),(899,899,108),(900,900,108),(901,901,104),(902,902,110),(903,903,110),(904,904,101),(905,905,110),(906,906,104),(907,907,110),(908,908,110),(909,909,106),(910,910,106),(911,911,106),(912,912,106),(913,913,110),(914,914,110),(915,915,110),(916,916,106),(917,917,110),(918,918,110),(919,919,110),(920,920,110),(921,921,110),(922,922,102),(923,923,110),(924,924,105),(925,925,105),(926,926,104),(927,927,105),(928,928,106),(929,929,105),(930,930,102),(931,931,110),(932,932,102),(933,933,106),(934,934,103),(935,935,104),(936,936,106),(937,937,110),(938,938,102),(939,939,110),(940,940,110),(941,941,110),(942,942,110),(943,943,104),(944,944,104),(945,945,110),(946,946,106),(947,947,106),(948,948,103),(949,949,103),(950,950,103),(951,951,103),(952,952,103),(953,953,103),(954,954,103),(955,955,103),(956,956,103),(957,957,103),(958,958,120),(959,959,120),(960,960,117),(961,961,120),(962,962,120),(963,963,116),(964,964,120),(965,965,120),(966,966,113),(967,967,120),(968,968,111),(969,969,111),(970,970,120),(971,971,116),(972,972,120),(973,973,118),(974,974,118),(975,975,118),(976,976,118),(977,977,118),(978,978,118),(979,979,118),(980,980,118),(981,981,118),(982,982,118),(983,983,120),(984,984,120),(985,985,111),(986,986,120),(987,987,120),(988,988,114),(989,989,120),(990,990,116),(991,991,116),(992,992,120),(993,993,120),(994,994,120),(995,995,116),(996,996,120),(997,997,120),(998,998,120),(999,999,120),(1000,1000,120),(1001,1001,112),(1002,1002,120),(1003,1003,115),(1004,1004,115),(1005,1005,115),(1006,1006,114),(1007,1007,116),(1008,1008,115),(1009,1009,112),(1010,1010,120),(1011,1011,112),(1012,1012,116),(1013,1013,113),(1014,1014,116),(1015,1015,120),(1016,1016,112),(1017,1017,120),(1018,1018,120),(1019,1019,120),(1020,1020,120),(1021,1021,114),(1022,1022,114),(1023,1023,120),(1024,1024,116),(1025,1025,116),(1026,1026,116),(1027,1027,116),(1028,1028,113),(1029,1029,113),(1030,1030,113),(1031,1031,113),(1032,1032,113),(1033,1033,113),(1034,1034,113),(1035,1035,113),(1036,1036,113),(1037,1037,113),(1038,1038,130),(1039,1039,130),(1040,1040,127),(1041,1041,127),(1042,1042,127),(1043,1043,127),(1044,1044,127),(1045,1045,127),(1046,1046,127),(1047,1047,130),(1048,1048,130),(1049,1049,126),(1050,1050,130),(1051,1051,124),(1052,1052,124),(1053,1053,121),(1054,1054,121),(1055,1055,124),(1056,1056,130),(1057,1057,128),(1058,1058,128),(1059,1059,128),(1060,1060,128),(1061,1061,128),(1062,1062,130),(1063,1063,130),(1064,1064,124),(1065,1065,130),(1066,1066,130),(1067,1067,130),(1068,1068,130),(1069,1069,130),(1070,1070,122),(1071,1071,130),(1072,1072,125),(1073,1073,125),(1074,1074,125),(1075,1075,125),(1076,1076,130),(1077,1077,122),(1078,1078,123),(1079,1079,124),(1080,1080,130),(1081,1081,122),(1082,1082,130),(1083,1083,124),(1084,1084,130),(1085,1085,130),(1086,1086,124),(1087,1087,124),(1088,1088,130),(1089,1089,126),(1090,1090,126),(1091,1091,126),(1092,1092,126),(1093,1093,126),(1094,1094,126),(1095,1095,126),(1096,1096,126),(1097,1097,126),(1098,1098,126),(1099,1099,126),(1100,1100,126),(1101,1101,126),(1102,1102,126),(1103,1103,126),(1104,1104,126),(1105,1105,126),(1106,1106,126),(1107,1107,126),(1108,1108,126),(1109,1109,126),(1110,1110,126),(1111,1111,126),(1112,1112,126),(1113,1113,126),(1114,1114,126),(1115,1115,126),(1116,1116,126),(1117,1117,126),(1118,1118,126),(1119,1119,124),(1120,1120,124),(1121,1121,124),(1122,1122,130),(1123,1123,123),(1124,1124,130),(1125,1125,124),(1126,1126,126),(1127,1127,130),(1128,1128,124),(1129,1129,121),(1130,1130,130),(1131,1131,124),(1132,1132,124),(1133,1133,124),(1134,1134,130),(1135,1135,126),(1136,1136,126),(1137,1137,126),(1138,1138,126),(1139,1139,126),(1140,1140,126),(1141,1141,126),(1142,1142,126),(1143,1143,126),(1144,1144,126),(1145,1145,126),(1146,1146,126),(1147,1147,126),(1148,1148,130),(1149,1149,130),(1150,1150,126),(1151,1151,130),(1152,1152,130),(1153,1153,124),(1154,1154,124),(1155,1155,124),(1156,1156,126),(1157,1157,122),(1158,1158,126),(1159,1159,126),(1160,1160,126),(1161,1161,130),(1162,1162,123),(1163,1163,123),(1164,1164,123),(1165,1165,123),(1166,1166,123),(1167,1167,123),(1168,1168,123),(1169,1169,123),(1170,1170,123),(1171,1171,123),(1172,1172,140),(1173,1173,140),(1174,1174,134),(1175,1175,137),(1176,1176,137),(1177,1177,137),(1178,1178,140),(1179,1179,140),(1180,1180,136),(1181,1181,140),(1182,1182,140),(1183,1183,134),(1184,1184,133),(1185,1185,140),(1186,1186,131),(1187,1187,131),(1188,1188,140),(1189,1189,136),(1190,1190,140),(1191,1191,138),(1192,1192,138),(1193,1193,138),(1194,1194,138),(1195,1195,140),(1196,1196,140),(1197,1197,131),(1198,1198,140),(1199,1199,134),(1200,1200,140),(1201,1201,140),(1202,1202,136),(1203,1203,136),(1204,1204,136),(1205,1205,136),(1206,1206,136),(1207,1207,136),(1208,1208,136),(1209,1209,136),(1210,1210,140),(1211,1211,140),(1212,1212,140),(1213,1213,136),(1214,1214,140),(1215,1215,140),(1216,1216,140),(1217,1217,140),(1218,1218,140),(1219,1219,132),(1220,1220,140),(1221,1221,135),(1222,1222,135),(1223,1223,135),(1224,1224,136),(1225,1225,135),(1226,1226,132),(1227,1227,140),(1228,1228,132),(1229,1229,136),(1230,1230,133),(1231,1231,134),(1232,1232,136),(1233,1233,136),(1234,1234,140),(1235,1235,132),(1236,1236,140),(1237,1237,140),(1238,1238,140),(1239,1239,140),(1240,1240,134),(1241,1241,134),(1242,1242,140),(1243,1243,136),(1244,1244,136),(1245,1245,136),(1246,1246,136),(1247,1247,136),(1248,1248,136),(1249,1249,136),(1250,1250,133),(1251,1251,133),(1252,1252,133),(1253,1253,150),(1254,1254,150),(1255,1255,147),(1256,1256,147),(1257,1257,150),(1258,1258,150),(1259,1259,146),(1260,1260,150),(1261,1261,150),(1262,1262,144),(1263,1263,143),(1264,1264,150),(1265,1265,141),(1266,1266,141),(1267,1267,150),(1268,1268,146),(1269,1269,150),(1270,1270,148),(1271,1271,148),(1272,1272,150),(1273,1273,150),(1274,1274,141),(1275,1275,150),(1276,1276,144),(1277,1277,150),(1278,1278,150),(1279,1279,146),(1280,1280,150),(1281,1281,150),(1282,1282,150),(1283,1283,146),(1284,1284,150),(1285,1285,150),(1286,1286,150),(1287,1287,150),(1288,1288,150),(1289,1289,150),(1290,1290,142),(1291,1291,150),(1292,1292,145),(1293,1293,145),(1294,1294,145),(1295,1295,146),(1296,1296,145),(1297,1297,142),(1298,1298,150),(1299,1299,142),(1300,1300,146),(1301,1301,143),(1302,1302,150),(1303,1303,146),(1304,1304,150),(1305,1305,142),(1306,1306,150),(1307,1307,150),(1308,1308,150),(1309,1309,150),(1310,1310,144),(1311,1311,144),(1312,1312,150),(1313,1313,146),(1314,1314,143),(1315,1315,143),(1316,1316,143),(1317,1317,143),(1318,1318,143),(1319,1319,160),(1320,1320,160),(1321,1321,157),(1322,1322,157),(1323,1323,160),(1324,1324,160),(1325,1325,156),(1326,1326,160),(1327,1327,160),(1328,1328,154),(1329,1329,153),(1330,1330,160),(1331,1331,151),(1332,1332,151),(1333,1333,160),(1334,1334,156),(1335,1335,160),(1336,1336,158),(1337,1337,158),(1338,1338,160),(1339,1339,160),(1340,1340,151),(1341,1341,160),(1342,1342,154),(1343,1343,160),(1344,1344,160),(1345,1345,156),(1346,1346,160),(1347,1347,160),(1348,1348,160),(1349,1349,156),(1350,1350,160),(1351,1351,160),(1352,1352,160),(1353,1353,160),(1354,1354,160),(1355,1355,160),(1356,1356,152),(1357,1357,160),(1358,1358,155),(1359,1359,155),(1360,1360,155),(1361,1361,156),(1362,1362,155),(1363,1363,152),(1364,1364,160),(1365,1365,152),(1366,1366,156),(1367,1367,153),(1368,1368,160),(1369,1369,156),(1370,1370,160),(1371,1371,152),(1372,1372,160),(1373,1373,160),(1374,1374,160),(1375,1375,160),(1376,1376,154),(1377,1377,154),(1378,1378,160),(1379,1379,156),(1380,1380,153),(1381,1381,153),(1382,1382,153),(1383,1383,153),(1384,1384,153),(1385,1385,170),(1386,1386,170),(1387,1387,164),(1388,1388,167),(1389,1389,167),(1390,1390,167),(1391,1391,167),(1392,1392,170),(1393,1393,170),(1394,1394,166),(1395,1395,170),(1396,1396,170),(1397,1397,164),(1398,1398,163),(1399,1399,170),(1400,1400,161),(1401,1401,161),(1402,1402,170),(1403,1403,166),(1404,1404,170),(1405,1405,168),(1406,1406,168),(1407,1407,170),(1408,1408,170),(1409,1409,161),(1410,1410,170),(1411,1411,164),(1412,1412,170),(1413,1413,170),(1414,1414,166),(1415,1415,166),(1416,1416,166),(1417,1417,166),(1418,1418,170),(1419,1419,170),(1420,1420,170),(1421,1421,166),(1422,1422,170),(1423,1423,170),(1424,1424,170),(1425,1425,170),(1426,1426,170),(1427,1427,170),(1428,1428,162),(1429,1429,170),(1430,1430,165),(1431,1431,165),(1432,1432,165),(1433,1433,166),(1434,1434,165),(1435,1435,162),(1436,1436,170),(1437,1437,162),(1438,1438,166),(1439,1439,163),(1440,1440,164),(1441,1441,170),(1442,1442,166),(1443,1443,170),(1444,1444,162),(1445,1445,170),(1446,1446,170),(1447,1447,170),(1448,1448,170),(1449,1449,164),(1450,1450,164),(1451,1451,170),(1452,1452,166),(1453,1453,166),(1454,1454,166),(1455,1455,163),(1456,1456,163),(1457,1457,163);
/*!40000 ALTER TABLE `field_section_relation` ENABLE KEYS */;
UNLOCK TABLES;

--
-- Table structure for table `field_section_relation_in_template`
--

DROP TABLE IF EXISTS `field_section_relation_in_template`;
/*!40101 SET @saved_cs_client     = @@character_set_client */;
/*!40101 SET character_set_client = utf8 */;
CREATE TABLE `field_section_relation_in_template` (
  `relation_id` int(11) NOT NULL AUTO_INCREMENT,
  `field_id` int(11) NOT NULL,
  `section_id` int(11) NOT NULL,
  `desc` varchar(45) DEFAULT NULL,
  PRIMARY KEY (`relation_id`)
) ENGINE=InnoDB AUTO_INCREMENT=156 DEFAULT CHARSET=utf8;
/*!40101 SET character_set_client = @saved_cs_client */;

--
-- Dumping data for table `field_section_relation_in_template`
--

LOCK TABLES `field_section_relation_in_template` WRITE;
/*!40000 ALTER TABLE `field_section_relation_in_template` DISABLE KEYS */;
INSERT INTO `field_section_relation_in_template` VALUES (1,1,1,NULL),(2,2,1,NULL),(3,3,1,NULL),(4,4,2,NULL),(5,5,2,NULL),(6,6,2,NULL),(7,7,2,NULL),(8,8,3,NULL),(9,9,3,NULL),(10,10,3,NULL),(11,11,3,NULL),(12,12,3,NULL),(13,13,3,NULL),(14,14,3,NULL),(15,15,3,NULL),(16,16,3,NULL),(17,17,3,NULL),(18,18,3,NULL),(19,19,3,NULL),(20,20,4,NULL),(21,21,4,NULL),(22,22,4,NULL),(23,23,4,NULL),(24,24,4,NULL),(25,25,4,NULL),(26,26,4,NULL),(27,27,4,NULL),(28,28,4,NULL),(29,29,4,NULL),(30,30,4,NULL),(31,31,4,NULL),(32,32,4,NULL),(33,33,4,NULL),(34,34,4,NULL),(35,35,4,NULL),(36,36,4,NULL),(37,37,4,NULL),(38,38,4,NULL),(39,39,4,NULL),(40,40,5,NULL),(41,41,5,NULL),(42,42,5,NULL),(43,43,5,NULL),(44,44,6,NULL),(45,45,6,NULL),(46,46,6,NULL),(47,47,6,NULL),(48,48,6,NULL),(49,49,6,NULL),(50,50,6,NULL),(51,51,6,NULL),(52,52,6,NULL),(53,53,6,NULL),(54,54,6,NULL),(55,55,6,NULL),(56,56,6,NULL),(57,57,6,NULL),(58,58,6,NULL),(59,59,6,NULL),(60,60,6,NULL),(61,61,6,NULL),(62,62,6,NULL),(63,63,6,NULL),(64,64,6,NULL),(65,65,6,NULL),(66,66,6,NULL),(67,67,6,NULL),(68,68,6,NULL),(69,69,6,NULL),(70,70,6,NULL),(71,71,6,NULL),(72,72,6,NULL),(73,73,6,NULL),(74,74,6,NULL),(75,75,6,NULL),(76,76,6,NULL),(77,77,6,NULL),(78,78,6,NULL),(79,79,6,NULL),(80,80,6,NULL),(81,81,6,NULL),(82,82,6,NULL),(83,83,6,NULL),(84,84,6,NULL),(85,85,6,NULL),(86,86,6,NULL),(87,87,6,NULL),(88,88,6,NULL),(89,89,6,NULL),(90,90,6,NULL),(91,91,6,NULL),(92,92,6,NULL),(93,93,6,NULL),(94,94,6,NULL),(95,95,6,NULL),(96,96,6,NULL),(97,97,6,NULL),(98,98,6,NULL),(99,99,6,NULL),(100,100,6,NULL),(101,101,6,NULL),(102,102,6,NULL),(103,103,7,NULL),(104,104,7,NULL),(105,105,7,NULL),(106,106,7,NULL),(107,107,7,NULL),(108,108,7,NULL),(109,109,7,NULL),(110,110,7,NULL),(111,111,7,NULL),(112,112,8,NULL),(113,113,8,NULL),(114,114,8,NULL),(115,115,8,NULL),(116,116,8,NULL),(117,117,8,NULL),(118,118,8,NULL),(119,119,8,NULL),(120,120,8,NULL),(121,121,8,NULL),(122,122,9,NULL),(123,123,10,NULL),(124,124,10,NULL),(125,125,10,NULL),(126,126,10,NULL),(127,127,10,NULL),(128,128,10,NULL),(129,129,10,NULL),(130,130,10,NULL),(131,131,10,NULL),(132,132,10,NULL),(133,133,10,NULL),(134,134,10,NULL),(135,135,10,NULL),(136,136,10,NULL),(137,137,10,NULL),(138,138,10,NULL),(139,139,10,NULL),(140,140,10,NULL),(141,141,10,NULL),(142,142,10,NULL),(143,143,10,NULL),(144,144,10,NULL),(145,145,10,NULL),(146,146,10,NULL),(147,147,10,NULL),(148,148,10,NULL),(149,149,10,NULL),(150,150,10,NULL),(151,151,10,NULL),(152,152,1,NULL),(153,153,10,NULL),(154,154,10,NULL),(155,155,10,NULL);
/*!40000 ALTER TABLE `field_section_relation_in_template` ENABLE KEYS */;
UNLOCK TABLES;

--
-- Table structure for table `field_template`
--

DROP TABLE IF EXISTS `field_template`;
/*!40101 SET @saved_cs_client     = @@character_set_client */;
/*!40101 SET character_set_client = utf8 */;
CREATE TABLE `field_template` (
  `field_id` int(11) NOT NULL AUTO_INCREMENT,
  `type` varchar(45) NOT NULL,
  `desc` varchar(45) DEFAULT NULL,
  `name` varchar(45) NOT NULL,
  `slug_name` varchar(45) NOT NULL,
  PRIMARY KEY (`field_id`),
  UNIQUE KEY `field_id_UNIQUE` (`field_id`)
) ENGINE=InnoDB AUTO_INCREMENT=156 DEFAULT CHARSET=utf8;
/*!40101 SET character_set_client = @saved_cs_client */;

--
-- Dumping data for table `field_template`
--

LOCK TABLES `field_template` WRITE;
/*!40000 ALTER TABLE `field_template` DISABLE KEYS */;
INSERT INTO `field_template` VALUES (1,'','Consultant Name','Consultant Name','consultant-name'),(2,'','Email Address','Email Address','consultant-email-address'),(3,'','Mobile Number','Mobile Number','consultant-mobile-number'),(4,'','Company Name','Company Name','advertiser-company-name'),(5,'','Listing ID','Listing ID','advertiser-listing-id'),(6,'','Company Address','Company Address','advertiser-company-address'),(7,'','Company PIC','Company PIC','advertiser-company-pic'),(8,'','Advertising Solution Subscribed','Advertising Solution Subscribed','advertising-solution-subscribed'),(9,'','Google AdWords Search & Mobile','Google AdWords Search & Mobile','step-3-google-adwords-search-mobile'),(10,'','Google Display Network','Google Display Network','step-3-google-display-network'),(11,'','Yahoo! Search','Yahoo! Search','step-3-yahoo-search'),(12,'','Yahoo! Display','Yahoo! Display','step-3-yahoo-sisplay'),(13,'','YouTube Ads','YouTube Ads','step-3-youtube-sds'),(14,'','Facebook Ads','Facebook Ads','step-3-facebook-ads'),(15,'','Pan 360','Pan 360','step-3-pan-360'),(16,'','Alibaba.com','Alibaba.com','step-3-alibaba'),(17,'','Super Pages','Super Pages','step-3-super-pages'),(18,'','Previous Contract Value','Previous Contract Value','previous-contract-value'),(19,'','Website Visit','Website Visit','website-visit'),(20,'','Campaign Click Through Rate','Campaign Click Through Rate','campaign-click-through-rate'),(21,'','Improve Website Content','Improve Website Content','improve-website-content'),(22,'','Add On Relevant Product Pictures','Add On Relevant Product Pictures','add-on-relevant-product-pictures'),(23,'','Add On Product Description','Add On Product Description','add-on-product-description'),(24,'','Include Product Price','Include Product Price','include-product-price'),(25,'','Include Product Specification','Include Product Specification','include-product-specification'),(26,'','Include Company Details','Include Company Details','include-company-details'),(27,'','Highlight Unique Selling Point','Highlight Unique Selling Point','highlight-unique-selling-point'),(28,'','Include Certification For Better Credential','Include Certification For Better Credential','include-certification-for-better-credential'),(29,'','Enhance Website Picture Quality','Enhance Website Picture Quality','enhance-website-picture-quality'),(30,'','Improve Website Maintenance','Improve Website Maintenance','improve-website-maintenance'),(31,'','Frequently Update Your Website','Frequently Update Your Website','frequently-update-your-website'),(32,'','Timely Response To Enquiry','Timely Response To Enquiry','timely-response-to-enquiry'),(33,'','Monitor Effectiveness','Monitor Effectiveness','monitor-effectiveness'),(34,'','Tracking On Calls & Wall In','Tracking On Calls & Wall In','tracking-on-calls-wall-in'),(35,'','Improve Brand Awareness','Improve Brand Awareness','improve-brand-awareness'),(36,'','Explore Display Network','Explore Display Network','explore-display-network'),(37,'','Enhance Visibility','Enhance Visibility','enhance-visibility'),(38,'','Extend Your Marketing Plan For Longer Visibil','Extend Your Marketing Plan For Longer Visibil','extend-your-marketing-plan-for-longer-visibil'),(39,'','Any additional comment(s)','Any additional comment(s)','any-additional-comments'),(40,'',NULL,'','step-5-a'),(41,'',NULL,'','step-5-b'),(42,'',NULL,'','step-5-d'),(43,'',NULL,'','step-5-h'),(44,'','Geographic Malaysia','Geographic MalaysiaGeographic Malaysia','geographical-area'),(45,'','Kuala Lumpur','Kuala Lumpur','language-advertiser-target'),(46,'','Selangor','Selangor','profession-advertiser-target'),(47,'','Kedah ','Kedah ','age-advertiser-target'),(48,'','Penang','Penang','gender-advertiser-target'),(49,'','Ipoh ','','ipoh'),(50,'',NULL,'','perlis'),(51,'',NULL,'','pahang'),(52,'',NULL,'','kelantan'),(53,'',NULL,'','negeri-sembilan'),(54,'',NULL,'','melaka'),(55,'',NULL,'','johor'),(56,'',NULL,'','sabah'),(57,'',NULL,'','sarawak'),(58,'','Geographic Thailand','Geographic Thailand','geographic-thailand'),(59,'','Geographic Singapore','','geographic-singapore'),(60,'','Geographic Indonesia','','geographic-indonesia'),(61,'','Geographic Others','','others-geographical-text'),(62,'','Accounting','Accounting','accounting'),(63,'','Agriculture','Agriculture','agriculture'),(64,'','Advertising','Advertising','advertising'),(65,'','Apparel & Accessories','Apparel & Accessories','apparel-accessories'),(66,'','Automotive','Automotive','automotive'),(67,'','Banking','Banking','banking'),(68,'','Broadcasting','Broadcasting','broadcasting'),(69,'','Brokerage','Brokerage','brokerage'),(70,'','Biotecnology','Biotecnology','biotecnology'),(71,'','Cargo Handling','Cargo Handling','cargo-handling'),(72,'','Chemical','Chemical','chemical'),(73,'','Computer','Computer','computer'),(74,'','Consulting','Consulting','consulting'),(75,'','Consumer Products','Consumer Products','consumer-products'),(76,'','Cosmetics','Cosmetics','cosmetics'),(77,'','Department Stores','Department Stores','department-stores'),(78,'','Education','Education','education'),(79,'','Electronics','Electronics','electronics'),(80,'','Entertainment & Leisure','Entertainment & Leisure','entertainment-leisure'),(81,'','Financial','Financial ','financial'),(82,'','Food, Beverage & Tobacco','Food, Beverage & Tobacco','food-beverage-tobacco'),(83,'','Healthcare','Healthcare','healthcare'),(84,'','Manufacturing ','','manufacturing '),(85,'','Real Estate','Real Estate','real-estate'),(86,'','Retail & Wholesale','Retail & Wholesale','retail-wholesale'),(87,'','Service','Service','service'),(88,'','Telecommunications','Telecommunications','telecommunications'),(89,'','Building & Construction','Building & Construction','building-construction'),(90,'','Hotel & Restaurant','Hotel & Restaurant','hotel-restaurant'),(91,'','','','others-profession-text'),(92,'','Language English','','language-english'),(93,'','Language Maylay','Language Maylay','language-maylay'),(94,'','Language Chinese','','language-chinese'),(95,'','Language Tamil','Language Tamil','language-tamil'),(96,'','Language ','','others-languages-text'),(97,'','18-29','','age-18-29'),(98,'','30-49','','age-30-49'),(99,'','50-64','','age-50-64'),(100,'','Others','','others-age-text'),(101,'',NULL,'','others-gender-text'),(102,'','Gender Male','','male'),(103,'','Gender Female','','female'),(104,'','Increase Website Traffic','Increase Website Traffic','advertising-objective'),(105,'','Increase Brand Awareness','Increase Brand Awareness','increase-brand-awareness'),(106,'','Increase Online Enquiry Submission','Increase Online Enquiry Submission','increase-online-enquiry-submission'),(107,'','Increase Store Visits','Increase Store Visits','increase-store-visits'),(108,'','Increase Phone Calls','Increase Phone Calls','increase-phone-calls'),(109,'','Increase Online Purchase','Increase Online Purchase','increase-online-purchase'),(110,'','Retargeting Visitors','Retargeting Visitors','retargeting-visitors'),(111,'','Increase Geographical Coverage','Increase Geographical Coverage','increase-geographical-coverage'),(112,'','Advertising Solution Rrecommend','','advertising-solution-recommend'),(113,'',NULL,'','step-8-google-adwords-search-mobile'),(114,'',NULL,'','step-8-google-display-network'),(115,'',NULL,'','step-8-yahoo-search'),(116,'',NULL,'','step-8-yahoo-sisplay'),(117,'',NULL,'','step-8-youtube-sds'),(118,'',NULL,'','step-8-facebook-ads'),(119,'',NULL,'','step-8-pan-360'),(120,'',NULL,'','step-8-alibaba'),(121,'',NULL,'','step-8-super-pages'),(122,'','Proposed Keyword','Proposed Keyword','proposed-keyword'),(123,'','PanPages','','panpages-option-a-input'),(124,'','Google Search & Mobile','','google-search-mobile-option-a-input'),(125,'','Facebook Ads','Facebook Ads','facebook-ads-option-a-input'),(126,'','Alibaba.com','Alibaba.com','alibaba-com-option-a-input'),(127,'','Management Fee','Management Fee','management-fee-option-a'),(128,'','Sub total','Sub total','subtotal-option-a'),(129,'','6% Gov Tax','6% Gov Tax','gov-tax-option-a'),(130,'','Grand Total','Grand Total','grand-total-option-a'),(131,'','Google Display Network','','google-display-network-option-a-input'),(132,'','Yahoo! Search','','yahoo-search-option-a-input'),(133,'','Yahoo! Display','','yahoo-display-option-a-input'),(134,'','YouTube Ads','','youtube-ads-option-a-input'),(135,'','Facebook Marketing','','facebook-marketing-option-a-input'),(136,'','Pan 360','','pan-360-option-a-input'),(137,'','Others','','others-option-a-input'),(138,'',NULL,'','panpages-option-b-input'),(139,'',NULL,'','google-search-mobile-option-b-input'),(140,'',NULL,'','facebook-ads-option-b-input'),(141,'',NULL,'','alibaba-com-option-b-input'),(142,'',NULL,'','management-fee-option-b'),(143,'',NULL,'','subtotal-option-b'),(144,'',NULL,'','gov-tax-option-b'),(145,'',NULL,'','grand-total-option-b'),(146,'',NULL,'','google-display-network-option-b-input'),(147,'',NULL,'','yahoo-search-option-b-input'),(148,'',NULL,'','yahoo-display-option-b-input'),(149,'',NULL,'','facebook-marketing-option-b-input'),(150,'',NULL,'','pan-360-option-b-input'),(151,'',NULL,'','others-option-b-input'),(152,'','Survey Date','Survey Date','survey-date'),(153,'',NULL,'','super-pages-option-b-input'),(154,'',NULL,'','super-pages-option-a-input'),(155,'',NULL,'','youtube-ads-option-b-input');
/*!40000 ALTER TABLE `field_template` ENABLE KEYS */;
UNLOCK TABLES;

--
-- Table structure for table `section`
--

DROP TABLE IF EXISTS `section`;
/*!40101 SET @saved_cs_client     = @@character_set_client */;
/*!40101 SET character_set_client = utf8 */;
CREATE TABLE `section` (
  `section_id` int(11) NOT NULL AUTO_INCREMENT,
  `section_template_id` int(11) NOT NULL,
  `desc` varchar(45) DEFAULT NULL,
  `name` varchar(45) DEFAULT NULL,
  PRIMARY KEY (`section_id`)
) ENGINE=InnoDB AUTO_INCREMENT=171 DEFAULT CHARSET=utf8;
/*!40101 SET character_set_client = @saved_cs_client */;

--
-- Dumping data for table `section`
--

LOCK TABLES `section` WRITE;
/*!40000 ALTER TABLE `section` DISABLE KEYS */;
INSERT INTO `section` VALUES (1,1,NULL,'Section 1'),(2,2,NULL,'Section 2'),(3,3,NULL,'Section 3'),(4,4,NULL,'Section 4'),(5,5,NULL,'Section 5'),(6,6,NULL,'Section 6'),(7,7,NULL,'Section 7'),(8,8,NULL,'Section 8'),(9,9,NULL,'Section 9'),(10,10,NULL,'Section 10'),(11,1,NULL,'Section 1'),(12,2,NULL,'Section 2'),(13,3,NULL,'Section 3'),(14,4,NULL,'Section 4'),(15,5,NULL,'Section 5'),(16,6,NULL,'Section 6'),(17,7,NULL,'Section 7'),(18,8,NULL,'Section 8'),(19,9,NULL,'Section 9'),(20,10,NULL,'Section 10'),(31,1,NULL,'Section 1'),(32,2,NULL,'Section 2'),(33,3,NULL,'Section 3'),(34,4,NULL,'Section 4'),(35,5,NULL,'Section 5'),(36,6,NULL,'Section 6'),(37,7,NULL,'Section 7'),(38,8,NULL,'Section 8'),(39,9,NULL,'Section 9'),(40,10,NULL,'Section 10'),(41,1,NULL,'Section 1'),(42,2,NULL,'Section 2'),(43,3,NULL,'Section 3'),(44,4,NULL,'Section 4'),(45,5,NULL,'Section 5'),(46,6,NULL,'Section 6'),(47,7,NULL,'Section 7'),(48,8,NULL,'Section 8'),(49,9,NULL,'Section 9'),(50,10,NULL,'Section 10'),(51,1,NULL,'Section 1'),(52,2,NULL,'Section 2'),(53,3,NULL,'Section 3'),(54,4,NULL,'Section 4'),(55,5,NULL,'Section 5'),(56,6,NULL,'Section 6'),(57,7,NULL,'Section 7'),(58,8,NULL,'Section 8'),(59,9,NULL,'Section 9'),(60,10,NULL,'Section 10'),(61,1,NULL,'Section 1'),(62,2,NULL,'Section 2'),(63,3,NULL,'Section 3'),(64,4,NULL,'Section 4'),(65,5,NULL,'Section 5'),(66,6,NULL,'Section 6'),(67,7,NULL,'Section 7'),(68,8,NULL,'Section 8'),(69,9,NULL,'Section 9'),(70,10,NULL,'Section 10'),(71,1,NULL,'Section 1'),(72,2,NULL,'Section 2'),(73,3,NULL,'Section 3'),(74,4,NULL,'Section 4'),(75,5,NULL,'Section 5'),(76,6,NULL,'Section 6'),(77,7,NULL,'Section 7'),(78,8,NULL,'Section 8'),(79,9,NULL,'Section 9'),(80,10,NULL,'Section 10'),(81,1,NULL,'Section 1'),(82,2,NULL,'Section 2'),(83,3,NULL,'Section 3'),(84,4,NULL,'Section 4'),(85,5,NULL,'Section 5'),(86,6,NULL,'Section 6'),(87,7,NULL,'Section 7'),(88,8,NULL,'Section 8'),(89,9,NULL,'Section 9'),(90,10,NULL,'Section 10'),(91,1,NULL,'Section 1'),(92,2,NULL,'Section 2'),(93,3,NULL,'Section 3'),(94,4,NULL,'Section 4'),(95,5,NULL,'Section 5'),(96,6,NULL,'Section 6'),(97,7,NULL,'Section 7'),(98,8,NULL,'Section 8'),(99,9,NULL,'Section 9'),(100,10,NULL,'Section 10'),(101,1,NULL,'Section 1'),(102,2,NULL,'Section 2'),(103,3,NULL,'Section 3'),(104,4,NULL,'Section 4'),(105,5,NULL,'Section 5'),(106,6,NULL,'Section 6'),(107,7,NULL,'Section 7'),(108,8,NULL,'Section 8'),(109,9,NULL,'Section 9'),(110,10,NULL,'Section 10'),(111,1,NULL,'Section 1'),(112,2,NULL,'Section 2'),(113,3,NULL,'Section 3'),(114,4,NULL,'Section 4'),(115,5,NULL,'Section 5'),(116,6,NULL,'Section 6'),(117,7,NULL,'Section 7'),(118,8,NULL,'Section 8'),(119,9,NULL,'Section 9'),(120,10,NULL,'Section 10'),(121,1,NULL,'Section 1'),(122,2,NULL,'Section 2'),(123,3,NULL,'Section 3'),(124,4,NULL,'Section 4'),(125,5,NULL,'Section 5'),(126,6,NULL,'Section 6'),(127,7,NULL,'Section 7'),(128,8,NULL,'Section 8'),(129,9,NULL,'Section 9'),(130,10,NULL,'Section 10'),(131,1,NULL,'Section 1'),(132,2,NULL,'Section 2'),(133,3,NULL,'Section 3'),(134,4,NULL,'Section 4'),(135,5,NULL,'Section 5'),(136,6,NULL,'Section 6'),(137,7,NULL,'Section 7'),(138,8,NULL,'Section 8'),(139,9,NULL,'Section 9'),(140,10,NULL,'Section 10'),(141,1,NULL,'Section 1'),(142,2,NULL,'Section 2'),(143,3,NULL,'Section 3'),(144,4,NULL,'Section 4'),(145,5,NULL,'Section 5'),(146,6,NULL,'Section 6'),(147,7,NULL,'Section 7'),(148,8,NULL,'Section 8'),(149,9,NULL,'Section 9'),(150,10,NULL,'Section 10'),(151,1,NULL,'Section 1'),(152,2,NULL,'Section 2'),(153,3,NULL,'Section 3'),(154,4,NULL,'Section 4'),(155,5,NULL,'Section 5'),(156,6,NULL,'Section 6'),(157,7,NULL,'Section 7'),(158,8,NULL,'Section 8'),(159,9,NULL,'Section 9'),(160,10,NULL,'Section 10'),(161,1,NULL,'Section 1'),(162,2,NULL,'Section 2'),(163,3,NULL,'Section 3'),(164,4,NULL,'Section 4'),(165,5,NULL,'Section 5'),(166,6,NULL,'Section 6'),(167,7,NULL,'Section 7'),(168,8,NULL,'Section 8'),(169,9,NULL,'Section 9'),(170,10,NULL,'Section 10');
/*!40000 ALTER TABLE `section` ENABLE KEYS */;
UNLOCK TABLES;

--
-- Table structure for table `section_survey_relation`
--

DROP TABLE IF EXISTS `section_survey_relation`;
/*!40101 SET @saved_cs_client     = @@character_set_client */;
/*!40101 SET character_set_client = utf8 */;
CREATE TABLE `section_survey_relation` (
  `relation_id` int(11) NOT NULL AUTO_INCREMENT,
  `section_id` int(11) NOT NULL,
  `survey_id` int(11) NOT NULL,
  `desc` varchar(45) DEFAULT NULL,
  PRIMARY KEY (`relation_id`)
) ENGINE=InnoDB AUTO_INCREMENT=171 DEFAULT CHARSET=utf8;
/*!40101 SET character_set_client = @saved_cs_client */;

--
-- Dumping data for table `section_survey_relation`
--

LOCK TABLES `section_survey_relation` WRITE;
/*!40000 ALTER TABLE `section_survey_relation` DISABLE KEYS */;
INSERT INTO `section_survey_relation` VALUES (1,1,1,NULL),(2,2,1,NULL),(3,3,1,NULL),(4,4,1,NULL),(5,5,1,NULL),(6,6,1,NULL),(7,7,1,NULL),(8,8,1,NULL),(9,9,1,NULL),(10,10,1,NULL),(11,11,2,NULL),(12,12,2,NULL),(13,13,2,NULL),(14,14,2,NULL),(15,15,2,NULL),(16,16,2,NULL),(17,17,2,NULL),(18,18,2,NULL),(19,19,2,NULL),(20,20,2,NULL),(31,31,4,NULL),(32,32,4,NULL),(33,33,4,NULL),(34,34,4,NULL),(35,35,4,NULL),(36,36,4,NULL),(37,37,4,NULL),(38,38,4,NULL),(39,39,4,NULL),(40,40,4,NULL),(41,41,5,NULL),(42,42,5,NULL),(43,43,5,NULL),(44,44,5,NULL),(45,45,5,NULL),(46,46,5,NULL),(47,47,5,NULL),(48,48,5,NULL),(49,49,5,NULL),(50,50,5,NULL),(51,51,6,NULL),(52,52,6,NULL),(53,53,6,NULL),(54,54,6,NULL),(55,55,6,NULL),(56,56,6,NULL),(57,57,6,NULL),(58,58,6,NULL),(59,59,6,NULL),(60,60,6,NULL),(61,61,7,NULL),(62,62,7,NULL),(63,63,7,NULL),(64,64,7,NULL),(65,65,7,NULL),(66,66,7,NULL),(67,67,7,NULL),(68,68,7,NULL),(69,69,7,NULL),(70,70,7,NULL),(71,71,8,NULL),(72,72,8,NULL),(73,73,8,NULL),(74,74,8,NULL),(75,75,8,NULL),(76,76,8,NULL),(77,77,8,NULL),(78,78,8,NULL),(79,79,8,NULL),(80,80,8,NULL),(81,81,9,NULL),(82,82,9,NULL),(83,83,9,NULL),(84,84,9,NULL),(85,85,9,NULL),(86,86,9,NULL),(87,87,9,NULL),(88,88,9,NULL),(89,89,9,NULL),(90,90,9,NULL),(91,91,10,NULL),(92,92,10,NULL),(93,93,10,NULL),(94,94,10,NULL),(95,95,10,NULL),(96,96,10,NULL),(97,97,10,NULL),(98,98,10,NULL),(99,99,10,NULL),(100,100,10,NULL),(101,101,11,NULL),(102,102,11,NULL),(103,103,11,NULL),(104,104,11,NULL),(105,105,11,NULL),(106,106,11,NULL),(107,107,11,NULL),(108,108,11,NULL),(109,109,11,NULL),(110,110,11,NULL),(111,111,12,NULL),(112,112,12,NULL),(113,113,12,NULL),(114,114,12,NULL),(115,115,12,NULL),(116,116,12,NULL),(117,117,12,NULL),(118,118,12,NULL),(119,119,12,NULL),(120,120,12,NULL),(121,121,13,NULL),(122,122,13,NULL),(123,123,13,NULL),(124,124,13,NULL),(125,125,13,NULL),(126,126,13,NULL),(127,127,13,NULL),(128,128,13,NULL),(129,129,13,NULL),(130,130,13,NULL),(131,131,14,NULL),(132,132,14,NULL),(133,133,14,NULL),(134,134,14,NULL),(135,135,14,NULL),(136,136,14,NULL),(137,137,14,NULL),(138,138,14,NULL),(139,139,14,NULL),(140,140,14,NULL),(141,141,15,NULL),(142,142,15,NULL),(143,143,15,NULL),(144,144,15,NULL),(145,145,15,NULL),(146,146,15,NULL),(147,147,15,NULL),(148,148,15,NULL),(149,149,15,NULL),(150,150,15,NULL),(151,151,16,NULL),(152,152,16,NULL),(153,153,16,NULL),(154,154,16,NULL),(155,155,16,NULL),(156,156,16,NULL),(157,157,16,NULL),(158,158,16,NULL),(159,159,16,NULL),(160,160,16,NULL),(161,161,17,NULL),(162,162,17,NULL),(163,163,17,NULL),(164,164,17,NULL),(165,165,17,NULL),(166,166,17,NULL),(167,167,17,NULL),(168,168,17,NULL),(169,169,17,NULL),(170,170,17,NULL);
/*!40000 ALTER TABLE `section_survey_relation` ENABLE KEYS */;
UNLOCK TABLES;

--
-- Table structure for table `section_survey_relation_in_template`
--

DROP TABLE IF EXISTS `section_survey_relation_in_template`;
/*!40101 SET @saved_cs_client     = @@character_set_client */;
/*!40101 SET character_set_client = utf8 */;
CREATE TABLE `section_survey_relation_in_template` (
  `relation_id` int(11) NOT NULL AUTO_INCREMENT,
  `section_id` int(11) NOT NULL,
  `survey_id` int(11) NOT NULL,
  `desc` varchar(45) DEFAULT NULL,
  PRIMARY KEY (`relation_id`)
) ENGINE=InnoDB AUTO_INCREMENT=11 DEFAULT CHARSET=utf8;
/*!40101 SET character_set_client = @saved_cs_client */;

--
-- Dumping data for table `section_survey_relation_in_template`
--

LOCK TABLES `section_survey_relation_in_template` WRITE;
/*!40000 ALTER TABLE `section_survey_relation_in_template` DISABLE KEYS */;
INSERT INTO `section_survey_relation_in_template` VALUES (1,1,1,NULL),(2,2,1,NULL),(3,3,1,NULL),(4,4,1,NULL),(5,5,1,NULL),(6,6,1,NULL),(7,7,1,NULL),(8,8,1,NULL),(9,9,1,NULL),(10,10,1,NULL);
/*!40000 ALTER TABLE `section_survey_relation_in_template` ENABLE KEYS */;
UNLOCK TABLES;

--
-- Table structure for table `section_template`
--

DROP TABLE IF EXISTS `section_template`;
/*!40101 SET @saved_cs_client     = @@character_set_client */;
/*!40101 SET character_set_client = utf8 */;
CREATE TABLE `section_template` (
  `section_id` int(11) NOT NULL AUTO_INCREMENT,
  `name` varchar(45) NOT NULL,
  `path` varchar(100) DEFAULT NULL,
  `desc` varchar(45) DEFAULT NULL,
  `slug_name` varchar(45) NOT NULL,
  PRIMARY KEY (`section_id`)
) ENGINE=InnoDB AUTO_INCREMENT=11 DEFAULT CHARSET=utf8;
/*!40101 SET character_set_client = @saved_cs_client */;

--
-- Dumping data for table `section_template`
--

LOCK TABLES `section_template` WRITE;
/*!40000 ALTER TABLE `section_template` DISABLE KEYS */;
INSERT INTO `section_template` VALUES (1,'Section 1',NULL,'Section 1','section-1'),(2,'Section 2',NULL,'Section 2','section-2'),(3,'Section 3',NULL,'Section 3','section-3'),(4,'Section 4',NULL,'Section 4','section-4'),(5,'Section 5',NULL,'Section 5','section-5'),(6,'Section 6',NULL,'Section 6','section-6'),(7,'Section 7',NULL,'Section 7','section-7'),(8,'Section 8',NULL,'Section 8','section-8'),(9,'Section 9',NULL,'Section 9','section-9'),(10,'Section 10',NULL,'Section 10','section-10');
/*!40000 ALTER TABLE `section_template` ENABLE KEYS */;
UNLOCK TABLES;

--
-- Table structure for table `survey`
--

DROP TABLE IF EXISTS `survey`;
/*!40101 SET @saved_cs_client     = @@character_set_client */;
/*!40101 SET character_set_client = utf8 */;
CREATE TABLE `survey` (
  `survey_id` int(11) NOT NULL AUTO_INCREMENT,
  `survey_template_id` int(11) NOT NULL,
  `desc` varchar(45) CHARACTER SET utf8mb4 DEFAULT NULL,
  `fulfilled_date` datetime DEFAULT CURRENT_TIMESTAMP,
  `status` varchar(45) DEFAULT NULL,
  `name` varchar(45) NOT NULL,
  `storage_name` varchar(45) DEFAULT NULL,
  `made_by` varchar(45) DEFAULT NULL,
  PRIMARY KEY (`survey_id`)
) ENGINE=InnoDB AUTO_INCREMENT=18 DEFAULT CHARSET=utf8;
/*!40101 SET character_set_client = @saved_cs_client */;

--
-- Dumping data for table `survey`
--

LOCK TABLES `survey` WRITE;
/*!40000 ALTER TABLE `survey` DISABLE KEYS */;
INSERT INTO `survey` VALUES (1,1,NULL,'2015-05-18 16:46:56','completed','The First Report','survey_template_13626290773261721772',NULL),(2,1,NULL,'2015-05-18 17:09:41','completed','The First Report','survey_template_1-4410359284718989510',NULL),(4,1,NULL,'2015-05-18 17:23:39','completed','The First Report','survey_template_19116906433852494321',NULL),(5,1,NULL,'2015-05-18 17:32:47','completed','The First Report','survey_template_1-7488879029137794328',NULL),(6,1,NULL,'2015-05-18 17:42:56','completed','The First Report',NULL,NULL),(7,1,NULL,'2015-05-18 17:46:18','completed','The First Report',NULL,NULL),(8,1,NULL,'2015-05-18 17:52:15','completed','The First Report','survey_template_11367254280606362031',NULL),(9,1,NULL,'2015-05-18 17:55:15','completed','The First Report',NULL,NULL),(10,1,NULL,'2015-05-18 17:59:24','completed','The First Report','survey_template_17710367869484389091',NULL),(11,1,NULL,'2015-05-18 18:06:08','completed','The First Report','survey_template_1-755649332101118581',NULL),(12,1,NULL,'2015-05-18 18:13:06','completed','The First Report','survey_template_16830497270541849260',NULL),(13,1,NULL,'2015-05-19 08:55:16','completed','The First Report','survey_template_11369892427576925282',NULL),(14,1,NULL,'2015-05-19 09:00:11','completed','The First Report','survey_template_13221994742398676503',NULL),(15,1,NULL,'2015-05-19 09:09:01','completed','The First Report','survey_template_1-7381457840682565179',NULL),(16,1,NULL,'2015-05-19 09:09:12','draft','The First Report','survey_template_1-3062650299714647436',NULL),(17,1,NULL,'2015-05-19 09:14:20','completed','The First Report','survey_template_12001049218487054309',NULL);
/*!40000 ALTER TABLE `survey` ENABLE KEYS */;
UNLOCK TABLES;

--
-- Table structure for table `survey_template`
--

DROP TABLE IF EXISTS `survey_template`;
/*!40101 SET @saved_cs_client     = @@character_set_client */;
/*!40101 SET character_set_client = utf8 */;
CREATE TABLE `survey_template` (
  `survey_id` int(11) NOT NULL AUTO_INCREMENT,
  `name` varchar(45) CHARACTER SET utf8mb4 NOT NULL,
  `desc` varchar(45) CHARACTER SET utf8mb4 DEFAULT NULL,
  `path` varchar(45) DEFAULT NULL,
  `slug_name` varchar(45) DEFAULT NULL,
  PRIMARY KEY (`survey_id`)
) ENGINE=InnoDB AUTO_INCREMENT=2 DEFAULT CHARSET=utf8;
/*!40101 SET character_set_client = @saved_cs_client */;

--
-- Dumping data for table `survey_template`
--

LOCK TABLES `survey_template` WRITE;
/*!40000 ALTER TABLE `survey_template` DISABLE KEYS */;
INSERT INTO `survey_template` VALUES (1,'The First Report','The First Report',NULL,'the-first-report');
/*!40000 ALTER TABLE `survey_template` ENABLE KEYS */;
UNLOCK TABLES;

--
-- Table structure for table `user`
--

DROP TABLE IF EXISTS `user`;
/*!40101 SET @saved_cs_client     = @@character_set_client */;
/*!40101 SET character_set_client = utf8 */;
CREATE TABLE `user` (
  `user_id` int(11) NOT NULL AUTO_INCREMENT,
  `user_name` varchar(45) NOT NULL,
  `login_name` varchar(45) NOT NULL,
  `password` varchar(100) NOT NULL,
  `active` tinyint(4) DEFAULT '1',
  `email` varchar(45) DEFAULT NULL,
  `address` varchar(100) NOT NULL,
  PRIMARY KEY (`user_id`)
) ENGINE=InnoDB AUTO_INCREMENT=3 DEFAULT CHARSET=utf8;
/*!40101 SET character_set_client = @saved_cs_client */;

--
-- Dumping data for table `user`
--

LOCK TABLES `user` WRITE;
/*!40000 ALTER TABLE `user` DISABLE KEYS */;
INSERT INTO `user` VALUES (2,'admin','admin','$2a$10$s4pl.H43L56C2tGVt05L3.scqaiFJ8QRfxrm9R6bBZ1pN5S74edM2',1,NULL,'');
/*!40000 ALTER TABLE `user` ENABLE KEYS */;
UNLOCK TABLES;

--
-- Table structure for table `user_role`
--

DROP TABLE IF EXISTS `user_role`;
/*!40101 SET @saved_cs_client     = @@character_set_client */;
/*!40101 SET character_set_client = utf8 */;
CREATE TABLE `user_role` (
  `role_id` int(11) NOT NULL AUTO_INCREMENT,
  `role_name` varchar(45) NOT NULL,
  `description` varchar(45) DEFAULT NULL,
  PRIMARY KEY (`role_id`),
  UNIQUE KEY `role_id_UNIQUE` (`role_id`)
) ENGINE=InnoDB AUTO_INCREMENT=4 DEFAULT CHARSET=utf8;
/*!40101 SET character_set_client = @saved_cs_client */;

--
-- Dumping data for table `user_role`
--

LOCK TABLES `user_role` WRITE;
/*!40000 ALTER TABLE `user_role` DISABLE KEYS */;
INSERT INTO `user_role` VALUES (3,'ROLE_ADMIN',NULL);
/*!40000 ALTER TABLE `user_role` ENABLE KEYS */;
UNLOCK TABLES;

--
-- Table structure for table `user_role_relation`
--

DROP TABLE IF EXISTS `user_role_relation`;
/*!40101 SET @saved_cs_client     = @@character_set_client */;
/*!40101 SET character_set_client = utf8 */;
CREATE TABLE `user_role_relation` (
  `relation_id` int(11) NOT NULL AUTO_INCREMENT,
  `user_id` int(11) NOT NULL,
  `role_id` int(11) NOT NULL,
  PRIMARY KEY (`relation_id`),
  UNIQUE KEY `relation_id_UNIQUE` (`relation_id`)
) ENGINE=InnoDB AUTO_INCREMENT=3 DEFAULT CHARSET=utf8;
/*!40101 SET character_set_client = @saved_cs_client */;

--
-- Dumping data for table `user_role_relation`
--

LOCK TABLES `user_role_relation` WRITE;
/*!40000 ALTER TABLE `user_role_relation` DISABLE KEYS */;
INSERT INTO `user_role_relation` VALUES (2,2,3);
/*!40000 ALTER TABLE `user_role_relation` ENABLE KEYS */;
UNLOCK TABLES;
/*!40103 SET TIME_ZONE=@OLD_TIME_ZONE */;

/*!40101 SET SQL_MODE=@OLD_SQL_MODE */;
/*!40014 SET FOREIGN_KEY_CHECKS=@OLD_FOREIGN_KEY_CHECKS */;
/*!40014 SET UNIQUE_CHECKS=@OLD_UNIQUE_CHECKS */;
/*!40101 SET CHARACTER_SET_CLIENT=@OLD_CHARACTER_SET_CLIENT */;
/*!40101 SET CHARACTER_SET_RESULTS=@OLD_CHARACTER_SET_RESULTS */;
/*!40101 SET COLLATION_CONNECTION=@OLD_COLLATION_CONNECTION */;
/*!40111 SET SQL_NOTES=@OLD_SQL_NOTES */;

-- Dump completed on 2015-05-19  9:46:51
